Startup_Name,Location,Industry
100Art,"Kolkata,West Bengal",Fashion
Priyanshu sinha,"Delhi,Delhi",
SOLVBIZ TAXCOM TECHNOLOGIES LLP,"Kolkata,West Bengal",Professional & Commercial Services
God's Eye,"Kolkata,West Bengal",Internet of Things
Altaswiq Agencia,"Buxar,Bihar",Marketing
Vijay Drrama Tradehub Private limited,"Delhi,Delhi",Retail
RoamPrime,"Bengaluru Urban,Karnataka",Retail
MTown Studios ltd.,"Palakkad,Kerala",Toys and Games
RMSQUARE INNOVATIONS PRIVATE LIMITED,",Karnataka",
ABUS OVERSEAS,"Surat,Gujarat",Education
Growbus,"Bengaluru,Karnataka",Security Solutions
GENEX PROTECTIVE SERVICES PRIVATE LIMITED,"Jabalpur,Madhya Pradesh",Professional & Commercial Services
NOURISH KART PRIVATE LIMITED,",Karnataka",
REVIVERAYS HEALTHCARE TECHNOLOGIES PRIVATE LIMITED,"Bengaluru Urban,Karnataka",Healthcare & Lifesciences
M/S JB CONSTRUCTION AND INFRASTRUCTURE,"Cuttack,Odisha",Construction
Infominez,"Indore,Madhya Pradesh",IT Services
Design Era Engineering Consultants,"Ganderbal,Jammu and Kashmir",Professional & Commercial Services
Dcatzoon,"Kozhikode,Kerala",Social Network
Schola,"Ahmedabad,Gujarat",Education
POWERAM DEFTECH PRIVATE LIMITED,"Pune,Maharashtra",Professional & Commercial Services
KEZAN INDIA PRIVATE LIMITED,"Lucknow,Uttar Pradesh",Human Resources
BLUEINFINITY INNOVATION LABS PRIVATE LIMITED,"Mumbai,Maharashtra",Aeronautics Aerospace & Defence
GERIATX HEALTH SCIENCES (OPC) PRIVATE LIMITED,"Thane,Maharashtra",Healthcare & Lifesciences
Modern Stage Events,"Faridabad,Haryana",Events
BELGI FOOTWEAR LLP,"Central Delhi,Delhi",Textiles & Apparel
STUDYFY EDUCATION PRIVATE LIMITED,"Central Delhi,Delhi",Education
Touch Universe,"Chalakudy,Kerala",Media & Entertainment
BabyCue Pvt Ltd,"Mangaluru,Karnataka",Healthcare & Lifesciences
RV WEALTH BUILDERS PRIVATE LIMITED,"Bhopal,Madhya Pradesh",Professional & Commercial Services
Minakshi Cakes,"Vadodara,Gujarat",Food & Beverages
Matrica Solutions Private Limited,"East Delhi,Delhi",Professional & Commercial Services
LURKHS Power Systems,"Coimbatore,Tamil Nadu",Transportation & Storage
4ASP FODDIES HEAVEN LLP,"Thane,Maharashtra",Food & Beverages
Sarvashree Technogreen Private Limited,"Ahmednagar,Maharashtra",Professional & Commercial Services
SAVDA EDUCATION SERVICES PRIVATE LIMITED,",Delhi",
Smart segregator,"Chennai,Tamil Nadu",Waste Management
KAMDHENU BIO FERTILISER PRIVATE LIMITED,"Udaipur,Rajasthan",Agriculture
TRUE BROKER,"Coimbatore,Tamil Nadu",Real Estate
TVP Studios,"Hyderabad,Telangana",
DEUSENT ENERGY PRIVATE LIMITED,",Uttar Pradesh",
Clevercraft Private Limited,"Kolkata,West Bengal",Retail
Vedisync Private Limited,"Lucknow,Uttar Pradesh",Healthcare & Lifesciences
JOYNAGAR MOA FARMERS PRODUCER COMPANY LIMITED,"South 24 Parganas,West Bengal",Agriculture
DimensionLabs,"Siliguri,West Bengal",Technology Hardware
KRIAM PHARMA PRIVATE LIMITED,",Gujarat",
A.R.S. INTERNATIONAL PRIVATE LIMITED,"Anjar,Gujarat",Automotive
VOWELS LIVE CONCEPT MEDIA PRIVATE LIMITED,"Ranga Reddy,Telangana",Analytics
Ambh Technologies Pvt. Ltd.,"Noida,Uttar Pradesh",Technology Hardware
AB-COM,"Jaipur,Rajasthan",
OHM CONSULTANT EDUCATION PRIVATE LIMITED,"Ahmedabad,Gujarat",Education
FRELISH FOODS PRIVATE LIMITED,"Chennai,Tamil Nadu",Food & Beverages
VISION SOLAR,"Alappuzha,Kerala",Renewable Energy
HJM ADVISORS PRIVATE LIMITED,",Gujarat",
COZY WITCH COSMETICS,"Noida,Uttar Pradesh",Healthcare & Lifesciences
anything delivery cab,"Begusarai,Bihar",Logistics
Rapt Enterprises,"Hyderabad,Telangana",Construction
ARNSOFT TECHNOLOGIES PRIVATE LIMITED,"Hyderabad,Telangana",IT Services
QR CABS INDIA,"Hyderabad,Telangana",IT Services
NOUVORAIL TECH PRIVATE LIMITED,"Noida,Uttar Pradesh",Technology Hardware
Kidstop Fashion,"Gurugram,Haryana",Fashion
M/S NEW LAKSHMI TRANSPORT COMPANY,"Jammu,Jammu and Kashmir",Transportation & Storage
IDIOM SEMICON,"Noida,Uttar Pradesh",Nanotechnology
Midfin,"Coimbatore,Tamil Nadu",IT Services
Nancy Agrawal,"Ranchi,Jharkhand",
SOULTICKET PRIVATE LIMITED,"Gandhinagar,Gujarat",Travel & Tourism
PropExcellence LLP,"Pune,Maharashtra",Real Estate
EMVAC HEALTHCARE SOLUTIONS PRIVATE LIMITED,"Vadodara,Gujarat",Healthcare & Lifesciences
Navitech,"Coimbatore,Tamil Nadu",AI
WE ARE TRAVELLERS,"Ahmedabad,Gujarat",Travel & Tourism
KALINDRYKUNJ FARMER PRODUCER COMPANY LIMITED,",Madhya Pradesh",
PRO SKILLS TRAINING AND CONSULTANCY SERVICES,"Ernakulam,Kerala",Education
Roots of India,"Mumbai,Maharashtra",Marketing
Aashdit Digital,"Bhubaneswar,Odisha",Technology Hardware
Scopway Business Pvt Ltd,"Surat,Gujarat",IT Services
Sightsee Holidays,"Bengaluru Urban,Karnataka",Travel & Tourism
DCX EDIFY PRIVATE LIMITED,",Bihar",
Power of Granny(POG),"Chennai,Tamil Nadu",Advertising
BNZ GREEN TECHNOLOGIES PRIVATE LIMITED,"Mumbai Suburban,Maharashtra",Green Technology
SURENDER KAUR AGRO FARMER PRODUCER COMPANY LIMITED,"Sri Ganganagar,Rajasthan",Agriculture
EVCA SERVICES LLP,",Uttar Pradesh",
KHART,"Bengaluru,Karnataka",IT Services
NAAR,"Solan,Himachal Pradesh",Food & Beverages
BW Infra Supplies Pvt Ltd,"South Delhi,Delhi",Other Specialty Retailers
SMC AQUA SOLUTIONS PRIVATE LIMITED,",Punjab",
SUNRISE LIFESCIENCES PRIVATE LIMITED,"Mumbai Suburban,Maharashtra",Chemicals
PANGARKAR INFRA LLP,"Ratnagiri,Maharashtra",Construction
AK SECURITY HOUSEKEEPING AND LABOUR SERVICES PRIVATE LIMITED,"Dewas,Madhya Pradesh",Human Resources
Braini Books,"Shivamogga,Karnataka",Enterprise Software
Goldvibe Interiors Pvt. Ltd.,"Noida,Uttar Pradesh",Architecture Interior Design
REDEEM INDIA CONSTRUCTION HARDWARES AND SERVICES PRIVATE LIMITED,"Central Delhi,Delhi",Construction
Alience Property,"Howrah,West Bengal",Real Estate
SHOWROOM,"Bhavnagar,Gujarat",Technology Hardware
JUNIOR DELIGHT INDIA PRIVATE LIMITED,"Alwar,Rajasthan",Toys and Games
Class and Country lifespaces,"Thane,Maharashtra",Real Estate
ANURAG CONSULTANCY INDIA ASSETS PRIVATE LIMITED,"Pune,Maharashtra",Finance Technology
Ayyanar traders,"Chennai,Tamil Nadu",Retail
Parkrti Skills Private Limited,"Faridabad,Haryana",Education
AssoTech Group of Engineers,"Srinagar,Jammu and Kashmir",Construction
PETALUMA TUTORING SERVICES,"Meerut,Uttar Pradesh",Education
Nurtimagic,"Hyderabad,Telangana",Food & Beverages
INNOVATEALPHA TECHVENTURES PRIVATE LIMITED,"Gurugram,Haryana",Sports
SENWELL EXPORTS PRIVATE LIMITED,"Pune,Maharashtra",Renewable Energy
ALLEPPEY UNITED VENTURES PRIVATE LIMITED,"Alappuzha,Kerala",Professional & Commercial Services
YEM FOUR CONSTRUCTION AND SOLUTIONS,"Kozhikode,Kerala",Construction
JM Production,"Bengaluru,Karnataka",Advertising
Sanjog Logistics,"Thane,Maharashtra",Logistics
HIGHSEA MARINE RETRIFIT SERVICES,"Visakhapatnam,Andhra Pradesh",Professional & Commercial Services
Nutrileafz Innovations Private Limited,"Gautam Buddha Nagar,Uttar Pradesh",Agriculture
TRI-AAYAM ENGINEERING SOLUTIONS PRIVATE LIMITED,"Ahmedabad,Gujarat",Technology Hardware
ANUPRA BASIC MEALS LLP,",West Bengal",
Arcade by Ansh,"Bhopal,Madhya Pradesh",Fashion
Homesy smart technology (P) Ltd.,"Bhubaneswar,Odisha",IT Services
Sharpwave Technology LLP,"Patna,Bihar",Advertising
SAHYADREESOFTTECH PRIVATE LIMITED,"Pune,Maharashtra",IT Services
manpower supply,"Deoria,Uttar Pradesh",Construction
ST INFOTECH IT SOLUTION,"Hooghly,West Bengal",IT Services
Thelewala,"Indore,Madhya Pradesh",Social Impact
Swastik Multi Management Private Limited,"Thane,Maharashtra",AI
Macha Community,"Ballari,Karnataka",Enterprise Software
RAJ AGRO FARMING,"Jhunjhunu,Rajasthan",Agriculture
JGRIVE TECH PRIVATE LIMITED,"Bengaluru,Karnataka",Internet of Things
SV DESIGN 4 SPACE LLP,"Pune,Maharashtra",Architecture Interior Design
Hydroxpress India Private Limited,"Pune,Maharashtra",Automotive
QUICK RESPONSE FINANCIAL TECHNOLOGIES PRIVATE LIMITED,"Bengaluru Urban,Karnataka",Finance Technology
KIRTEE EDIBLES PRIVATE LIMITED,"Aurangabad,Maharashtra",Agriculture
Collaber Media Technology LLP,"Delhi,Delhi",Social Network
ROHANSH DEVELOPERS PRIVATE LIMITED,"Ambala,Haryana",Construction
Abhinav Bhaskar,"Patna,Bihar",
Xplor App,"Thiruvananthapuram,Kerala",Transportation & Storage
M/S Om Constructon And Suppliers,"Ballia,Uttar Pradesh",Construction
ABIOT SOLUTIONS PRIVATE LIMITED,"Bengaluru Urban,Karnataka",Internet of Things
MAHARAJA D'SIGNERS &amp; GARMENTS (INDIA) PRIVATE LIMITED,"Hyderabad,Telangana",Fashion
MARS WEB ( MEGHA RETAIL SERVICES WEB ),"Noida,Uttar Pradesh",Retail
JUSTON SERVICES PRIVATE LIMITED,",Odisha",
BioWeave,"Thiruvananthapuram,Kerala",Healthcare & Lifesciences
PAY2MENT SOFTWARE TECHNOLOGIES PRIVATE LIMITED,",Delhi",
SE-DI GLOBAL IMPEX PRIVATE LIMITED,"Kanpur Nagar,Uttar Pradesh",Food & Beverages
WINTOCATION LLP,",Jammu and Kashmir",
A S CAPITAL,"Noida,Uttar Pradesh",Waste Management
Runzo Technology Private limited,"Karimganj,Assam",Travel & Tourism
ROSE AXOM CLINIC (OPC) PRIVATE LIMITED,"Kamrup,Assam",Renewable Energy
IMMENSE MANPOWER (OPC) PRIVATE LIMITED,"Jabalpur,Madhya Pradesh",Human Resources
D2S BUSINESS CONSULTING LLP,"Chikballapur,Karnataka",Professional & Commercial Services
RITUDIGITAL TELICOM SERVICES PVT.LTD.,"Bikaner,Rajasthan",Finance Technology
Intecreate Factory Pvt Ltd,"Bengaluru Urban,Karnataka",Advertising
EZ MedTech Solutions,"Chennai,Tamil Nadu",Healthcare & Lifesciences
Yulissa Technologies (OPC) Private Limited,"Nashik,Maharashtra",IT Services
SUFAL SCHOOLWALA LIFESTYLE PRIVATE LIMITED,"Jalgaon,Maharashtra",Textiles & Apparel
SSI INSPECTIONS SERVICES PRIVATE LIMITED,"Indore,Madhya Pradesh",Professional & Commercial Services
BHANU PRTAP DUBEY,"Ahmedabad,Gujarat",
Radhey Shyam Holidays,"North West Delhi,Delhi",Travel & Tourism
EMBLOCK TECH PRIVATE LIMITED,"Cuddalore,Tamil Nadu",Internet of Things
NUTESSENCE PRIVATE LIMITED,"South Delhi,Delhi",Food & Beverages
CODEXCEL TECHNOLOGY,"Balurghat,West Bengal",IT Services
JCAS MANAGEMENT FACILITY & SECURITY SERVICE LLP,"Pune,Maharashtra",Human Resources
ALT Coffees,"Jalna,Maharashtra",Food & Beverages
AZAD ENTERPRISES,"Patiala,Punjab",Technology Hardware
Skytech Caps &amp;amp; Closures,"Dharwad,Karnataka",Technology Hardware
FACEZILA PLATFORMS PRIVATE LIMITED,"Central Delhi,Delhi",IT Services
PINK ARENA HEALTHTEK PRIVATE LIMITED,"South Delhi,Delhi",Healthcare & Lifesciences
BLEND KIN BUSINESS SERVICES PRIVATE LIMITED,"Ranga Reddy,Telangana",IT Services
CASA,"Bengaluru Urban,Karnataka",Construction
Total Herbal Hair Oil,"Nagpur,Maharashtra",Healthcare & Lifesciences
NAVNIRMITI COMPOSITES INNOVATIVE SOLUTIONS LLP,"Pune,Maharashtra",Design
SEEMANT ENGINEERING AND SERVICES LLP,"Pithoragarh,Uttarakhand",Construction
MAHALAXMI INTERNATIONAL GROUP,"Jodhpur,Rajasthan",Fashion
RGInsight LLP,"Chandigarh,Chandigarh",Healthcare & Lifesciences
JIVN SPICES LLP,"Howrah,West Bengal",Food & Beverages
Vidyarthi,"Rewari,Haryana",Education
Autopartswala,"Agra,Uttar Pradesh",Automotive
MINDCELL,"Mumbai,Maharashtra",Education
TRUE TO LIFE MEDIA PRIVATE LIMITED,"Mumbai,Maharashtra",Media & Entertainment
MAXI MILLIYAN EXPORTS,"Tiruppur,Tamil Nadu",Textiles & Apparel
Unite Industries LLP,"Bengaluru Urban,Karnataka",Technology Hardware
TRIYANA ORGANIC EXPORTS PRIVATE LIMITED,",Gujarat",
Orimmos,"Lucknow,Uttar Pradesh",Food & Beverages
AIEGS INDIA PRIVATE LIMITED,"Mumbai,Maharashtra",AI
KHOSMIC MAGNESIUM AND MARINE CHEMICALS PRIVATE LIMITED,"Madurai,Tamil Nadu",Chemicals
KWEESHA SOLUTIONS PRIVATE LIMITED,"Lucknow,Uttar Pradesh",Professional & Commercial Services
SHINE INDIA ENTERPRISES,"Noida,Uttar Pradesh",Advertising
Shri Ram Chandra Engineering and Works,"Jhansi,Uttar Pradesh",Human Resources
Coders Crux,"Ambedkar Nagar,Uttar Pradesh",Education
tensorlearners,"Bengaluru Urban,Karnataka",Analytics
SOLARSE POWER TECHNOLOGIES PVT.LTD,"South Eastdelhi,Delhi",Green Technology
NIMBUSONE TECHNOLOGIES PRIVATE LIMITED,",Tamil Nadu",
NEXEL - Futureize the Innovation,"Mangaluru,Karnataka",IT Services
A.R. SERVICES,"Kanpur Nagar,Uttar Pradesh",Human Resources
"TANGREE,Convert to Electric","North Delhi,Delhi",Automotive
Abroad Gateways Private Limited,"Hyderabad,Telangana",Education
SEEAM DIGITAL PRIVATE LIMITED,"Palanpur,Gujarat",Finance Technology
Sigmaverse,"Hyderabad,Telangana",Marketing
Travelling Trunk Private Limited,"New Delhi,Delhi",Textiles & Apparel
Manupati,"Chennai,Tamil Nadu",IT Services
MALUDTECHNOLOGY INDIA PRIVATE LIMITED,"Puri,Odisha",Food & Beverages
URBAN GRAB CLOTHING PRIVATE LIMITED,"East Delhi,Delhi",Fashion
BETTER PLANET FOOTPRINTS PRIVATE LIMITED,"Indore,Madhya Pradesh",Green Technology
Satyashanti Infratech LLP,"Auraiya,Uttar Pradesh",Construction
FLORISSANTE CLEARING &amp; FORWARDING LLP,"Jaipur,Rajasthan",Logistics
Bio-Quantech Solutions private Limited,"Varanasi,Uttar Pradesh",Renewable Energy
DATAVALLEY INDIA PRIVATE LIMITED,"Hyderabad,Telangana",Education
Theeka Online,"South West Delhi,Delhi",Food & Beverages
Patronus Auto Private Limited,"Kolkata,West Bengal",Automotive
Indicraft Embellish,"Panipat,Haryana",Textiles & Apparel
OCTRIX BUSINESS SOLUTIONS LLP,",Maharashtra",
Sapphire-Trucking Solutions,"Solapur,Maharashtra",Safety
Alcade - The AI Game,"Bengaluru Urban,Karnataka",Media & Entertainment
SV DEFTECH INDIA PRIVATE LIMITED,"Rupnagar,Punjab",Aeronautics Aerospace & Defence
TATTVAM AGROVENTURES PRIVATE LIMITED,"Dehradun,Uttarakhand",Agriculture
Mock World Media,"Lucknow,Uttar Pradesh",Marketing
A B ENTERPRISE,"South 24 Parganas,West Bengal",Human Resources
SHRI PRAKASH ELECTRONICS PRIVATE LIMITED,",Tamil Nadu",
TEJASH SANSKAR WELLNESS PRIVATE LIMITED,"Haridwar,Uttarakhand",Retail
HOT COFFEE MEDIA PRIVATE LIMITED,",West Bengal",
EXHIBIT SOCIAL STUDIOS PRIVATE LIMITED,"Mumbai,Maharashtra",Media & Entertainment
MILKOSE FOOD PROCESSING PRIVATE LIMITED,",Delhi",
RS FOOD PRODUCTS,"Saharanpur,Uttar Pradesh",Food & Beverages
THE SANCHI,"Jorhat,Assam",Marketing
KONNECTYARI TECHNOLOGIES PRIVATE LIMITED,"Bengaluru,Karnataka",Security Solutions
ANANDA GRACE PRIVATE LIMITED,"Dehradun,Uttarakhand",Fashion
UTKRISHT VATIKA FASHION PVT LTD,"Central Delhi,Delhi",Textiles & Apparel
Botsedge Technology Private Limited,"Chennai,Tamil Nadu",Enterprise Software
FRUGALICIOUS INDIA PRIVATE LIMITED,"Kapurthala,Punjab",Food & Beverages
Anfix Ties Pvt Ltd,"Ahmedabad,Gujarat",Other Specialty Retailers
VEDICEDGE GLOBAL LLP,"Hyderabad,Telangana",Fashion
DAILYREADS TECHNOLOGIES PRIVATE LIMITED,",Karnataka",
ELEXL GLOBAL BIZ LLP,"Pune,Maharashtra",Other Specialty Retailers
Sovereign Events,"Mumbai,Maharashtra",Events
EVVI PROPERTIES LLP,"Kanchipuram,Tamil Nadu",Real Estate
KIYAAN JEWELS PVT LTD,"New Delhi,Delhi",Marketing
Hrita Solutions Private Limited,"Mumbai,Maharashtra",Internet of Things
TAGET MARTECH PVT LTD,"Kochi,Kerala",Marketing
PROTOTRIAL ENGINEERING,"Coimbatore,Tamil Nadu",Renewable Energy
GetMedGo,"Ernakulam,Kerala",Healthcare & Lifesciences
ELITE ENGINEERS,"Guwahati,Assam",Construction
First Water Partners Private Limited,"South West Delhi,Delhi",AI
Mrs. Jenny Farm,"Bengaluru Urban,Karnataka",Food & Beverages
ZV ATTKAN DESIGNS PRIVATE LIMITED,"Jhajjar,Haryana",Construction
DANA LOGISTICS LLP,"Mumbai,Maharashtra",Logistics
ACME Inc.,"Bengaluru,Karnataka",AI
GYPRAS INFRA PRIVATE LIMITED,"Kamrup Metro,Assam",Professional & Commercial Services
TRADEMAP IMPORT EXPORT PRIVATE LIMITED,"Pune,Maharashtra",Agriculture
Green Health,"Hyderabad,Telangana",Transportation & Storage
Evolock,"Chennai,Tamil Nadu",Marketing
Urban Eats,"West Delhi,Delhi",Food & Beverages
BARE CRAFT CONSULTING (OPC) PRIVATE LIMITED,",Delhi",
Weep Scope,"Ahmedabad,Gujarat",AI
Fit-o-Holic Healthy Corner LLP,"Ahmedabad,Gujarat",Food & Beverages
apni rasoi,"New Delhi,Delhi",Food & Beverages
DIGITAL KONG PRIVATE LIMITED,"Faridabad,Haryana",Marketing
AGNM ROADLINK LLP,"Kanchipuram,Tamil Nadu",Logistics
Truckbulls Transport Pvt Ltd,"Delhi,Delhi",Logistics
ECORUSH PRIVATE LIMITED,"Varanasi,Uttar Pradesh",Green Technology
VELVETMINT MEDIA PRIVATE LIMITED,",Karnataka",
YellowMint Colors,"South Eastdelhi,Delhi",Professional & Commercial Services
MYINTRIPS PRIVATE LIMITED,"Patna,Bihar",Travel & Tourism
FreeAd,"Kolkata,West Bengal",Advertising
Bavyatha S,"Chennai,Tamil Nadu",
STAY app,"Bhilwara,Rajasthan",Real Estate
Bugbusterslabs Private Limited,"Chennai,Tamil Nadu",IT Services
RRMEL INDIA PVT LTD,"Chennai,Tamil Nadu",Automotive
Pod Learning,"Bengaluru,Karnataka",Education
EV Planet LLP,"Pune,Maharashtra",Automotive
Mature men,"Mira-Bhayandar,Maharashtra",Other Specialty Retailers
EVENTASIA (OPC) PRIVATE LIMITED,"Srinagar,Jammu and Kashmir",Events
FUSIONAIX TECHNOLOGIES PRIVATE LIMITED,",Telangana",
BRIDCODES GLOBAL PRIVATE LIMITED,",Kerala",
RKNLM CONSULTANCY SERVICES PRIVATE LIMITED,"North East Delhi,Delhi",Professional & Commercial Services
AYRA TECHNOLOGIES PRIVATE LIMITED,",Karnataka",
BGS INDUSTRIAL SOLUTION PRIVATE LIMITED,"Gautam Buddha Nagar,Uttar Pradesh",Analytics
GESTUREMINDS SOFTWARE PRIVATE LIMITED,",Madhya Pradesh",
Dynamics Monk Private Limited,"West Delhi,Delhi",IT Services
SkillSync Edutech,"Vijayawada,Andhra Pradesh",Education
Nourish Kart Private Limited,"Bengaluru Urban,Karnataka",Food & Beverages
SAMRUVA TECHNOLOGIES PRIVATE LIMITED,"Coimbatore,Tamil Nadu",IT Services
Acroama Water Treatment System,"Chennai,Tamil Nadu",Waste Management
HOGO MOBILITY PRIVATE LIMITED,"Bengaluru Urban,Karnataka",Automotive
IMPULSE INTEGRATED SYSTEMS PRIVATE LIMITED,"Kolhapur,Maharashtra",Technology Hardware
Aainesh textile market,"Nashik,Maharashtra",Textiles & Apparel
HealthyYouEveryDay,"Hyderabad,Telangana",Food & Beverages
POWER GUARD AUTOMATION PRIVATE LIMITED,"Ernakulam,Kerala",Technology Hardware
SHRIVAS,"Lucknow,Uttar Pradesh",Travel & Tourism
PAYHES FINTECH PVT LTD,"Vatakara,Kerala",Finance Technology
MATRIXSTEEL WORKS PRIVATE LIMITED,",Jharkhand",
DHAULADHAR HERBS PRIVATE LIMITED,"Kangra,Himachal Pradesh",Agriculture
REDSEL TECHNOLOGIES PRIVATE LIMITED,"Bhopal,Madhya Pradesh",IT Services
MATCH MIND TECHNOLOGIES PRIVATE LIMITED,",Haryana",
WESTECHPOWER MANAGEMENT PRIVATE LIMITED,",Maharashtra",
CONNOISSEURS DESK PRIVATE LIMITED,"Pune,Maharashtra",Architecture Interior Design
ALIFEROUS PMCS LLP,",Uttar Pradesh",
AGS MARKETING LLP,"Tiruvallur,Tamil Nadu",Professional & Commercial Services
Yushi Nova,"Gurugram,Haryana",Automotive
OJCT DIGICOM PRIVATE LIMITED,"Ahmedabad,Gujarat",Finance Technology
PERCUSSA CONCEPTS PRIVATE LIMITED,",Maharashtra",
OCTRIX BUSINESS SOLUTIONS LLP,"Aurangabad,Maharashtra",Human Resources
MOONCOIN CHITS PRIVATE LIMITED,"Latur,Maharashtra",Finance Technology
ENTREFACE INNOVATIONS PRIVATE LIMITED,"Bhopal,Madhya Pradesh",Professional & Commercial Services
SevenX Ventures OPC Pvt Ltd,"Mumbai Suburban,Maharashtra",Healthcare & Lifesciences
SHRIMANTHAN AGROPRODUCTS PRIVATE LIMITED,"Pune,Maharashtra",Agriculture
SHREETRACK ENGINEERING PRIVATE LIMITED,"Varanasi,Uttar Pradesh",Construction
GLORIFY LIFESTYLE PRIVATE LIMITED,"Bhavnagar,Gujarat",Healthcare & Lifesciences
Mity A.I,"Bengaluru Urban,Karnataka",Media & Entertainment
SHF SQUARE LLP,"Gurugram,Haryana",Construction
SHIPZERS ELECTRONICS INDIA PRIVATE LIMITED,"Gurugram,Haryana",Retail
SMC AQUA SOLUTIONS PRIVATE LIMITED,"Jalandhar,Punjab",Construction
arbaz,"Lucknow,Uttar Pradesh",
BHARGO AGROTECH (OPC) PRIVATE LIMITED,"Ballia,Uttar Pradesh",Agriculture
Candyflow Private Limited,"Ghaziabad,Uttar Pradesh",Food & Beverages
A-1 SUREJA INDUSTRIES,"Ahmedabad,Gujarat",Automotive
U26209KA2023PTC175514,"Bengaluru,Karnataka",Enterprise Software
A CUBE INTERNATIONAL,"Birbhum,West Bengal",Construction
KISSANPRO AGRO TECHNOLOGY PRIVATE LIMITED,",Jharkhand",
CURATE HEALTH TECHNOLOGIES PRIVATE LIMITED,",Kerala",
ATHARVA NETWORKS PRIVATE LIMITED,"Lucknow,Uttar Pradesh",Human Resources
PERCIEVE GREEN ENERGY PRIVATE LIMITED,"Fatehpur,Uttar Pradesh",Renewable Energy
G7mentors.com,"Gurugram,Haryana",Education
TGB TECHNOLOGIES PRIVATE LIMITED,",Karnataka",
GENEX TECH INDUSTRIES LLP,"Kolkata,West Bengal",Food & Beverages
Onehub Solutions,"Kolkata,West Bengal",Human Resources
LUXUSKART ONLINE SERVICES PRIVATE LIMITED,"Shivamogga,Karnataka",Retail
DHARMANATH PRODUCTS PRIVATE LIMITED,",Gujarat",
Sigmaswagg.com,"Gurugram,Haryana",Textiles & Apparel
GoodPro Corporation Private Limited,"Gurugram,Haryana",Healthcare & Lifesciences
MYDEN FACILITY MANAGMENT,"Kozhikode,Kerala",Professional & Commercial Services
VEGMA FARM FRESH PRIVATE LIMITED,"Kurukshetra,Haryana",Food & Beverages
MAA NARMADA LABOUR AGENCY,"Jabalpur,Madhya Pradesh",Human Resources
SG AGRO PRODUCTS AND TECHNOLOGIES,"Bengaluru Urban,Karnataka",Agriculture
Ambey Enterprises,"Adityapur,Jharkhand",Chemicals
WAJHIYYAH FOODS LLP,"Chennai,Tamil Nadu",Food & Beverages
STERIS SURGICAL SOLUTIONS,"Ahmedabad,Gujarat",Healthcare & Lifesciences
MOMENTUX SYSTEMS PRIVATE LIMITED,",Karnataka",
om prakash singh,"Deoria,Uttar Pradesh",Construction
CHOCOMYTE Private limited,"Anantapur,Andhra Pradesh",Food & Beverages
CLUBBOOM11 SPORTS &amp; ENTERTAINMENT PRIVATE LIMITED,"Rewa,Madhya Pradesh",Renewable Energy
ACCURITYS PRIVATE LIMITED,"Kolkata,West Bengal",IT Services
SNAP LINKS LLP,"Bengaluru,Karnataka",Food & Beverages
CREDFIRST FINANCE PRIVATE LIMITED,"Nashik,Maharashtra",Finance Technology
UNOTECH ENGINEERING LLP,",Delhi",
Rakesh Yannamani,"Tanuku,Andhra Pradesh",
V6 CONTROLS PRIVATE LIMITED,"Kanchipuram,Tamil Nadu",Professional & Commercial Services
Think Big Lifestyles,"Coimbatore,Tamil Nadu",Fashion
SOUL &amp; SOLVE FOOD AND BEVERAGES PRIVATE LIMITED,"Delhi,Delhi",Food & Beverages
ADMERE IMART PRIVATE LIMITED,"Dhanbad,Jharkhand",Media & Entertainment
INVENTIVE BUSINESS SYNERGIES PRIVATE LIMITED,"South Delhi,Delhi",Professional & Commercial Services
FinTech,"Pune,Maharashtra",Finance Technology
NEUROSINQ SOLUTIONS PRIVATE LIMITED,",Haryana",
Tails TEchnologies India,"Gandhinagar,Gujarat",IT Services
DTYHOLIDAYS LLP,"Faridabad,Haryana",Travel & Tourism
Auratral,"Bengaluru Urban,Karnataka",AI
Shreeguru FinKrafts,"North Goa,Goa",Social Impact
BOTTOM UP FREIGHT INDIA PRIVATE LIMITED,"Tiruvallur,Tamil Nadu",Logistics
HERALD TECHNOCRAFT PVT. LTD.,"Surat,Gujarat",Biotechnology
Timsi Pharma India Pvt Ltd,"Kamrup,Assam",Professional & Commercial Services
Udyog Technologies,"Lucknow,Uttar Pradesh",Healthcare & Lifesciences
HEALTH AND BEYOND FOODS PRIVATE LIMITED,"Mumbai,Maharashtra",Food & Beverages
WorkEaze,"Gorakhpur,Uttar Pradesh",Construction
Yashdeep Sahu,"Bengaluru Urban,Karnataka",
JAMMUNUTS,"Jammu,Jammu and Kashmir",Food & Beverages
Siddiqui Enterprises,"Seohara,Uttar Pradesh",Retail
ERVE BECONNECTED INDIA PRIVATE LIMITED,"Coimbatore,Tamil Nadu",Fashion
FreeNeer,"Gautam Buddha Nagar,Uttar Pradesh",Advertising
Mice Bugs Private Limited,"Mumbai,Maharashtra",Events
FASHIONISTA GLOBAL PRIVATE LIMITED,"Gurugram,Haryana",Textiles & Apparel
MAYANK TECHNOLOGIES PRIVATE LIMITED,"Allahabad,Uttar Pradesh",IT Services
ENISPECT UTC PRIVATE LIMITED,"Pune,Maharashtra",Renewable Energy
AYUKSHIT SOLUTIONS PRIVATE LIMITED,"Godda,Jharkhand",Human Resources
VIK AND RUD FASHIONS,"Bengaluru,Karnataka",Fashion
PHYSICA HEALTHTECH PRIVATE LIMITED,",Maharashtra",
LS ELECTRONIC AND PIPE FITTING,"Ahmedabad,Gujarat",Technology Hardware
NEUCURE LIFESCIENCES PRIVATE LIMITED,"Bhopal,Madhya Pradesh",Healthcare & Lifesciences
CarbonStrong,"Bengaluru Urban,Karnataka",Construction
DEVENDRA LAXMI HOMES PRIVATE LIMITED,"Patna,Bihar",Construction
"DEVGIRI FRUIT ""O"" FARM PRIVATE LIMITED",",Maharashtra",
MAA TEA CENTAR,"Sabarkantha,Gujarat",Food & Beverages
AICK CORPORATE ADVISORS LLP,",Uttar Pradesh",
iBeam Ventures LLP,"Kollam,Kerala",Professional & Commercial Services
Happybowl,"Mumbai,Maharashtra",Food & Beverages
MR OUTSOURCE SECURITY PRIVATE LIMITED,"South West Delhi,Delhi",Human Resources
PRASANNA MOTORS,"Kalyan-Dombivali,Maharashtra",Automotive
BLUE SPACE PROFESSIONALS PRIVATE LIMITED,"Jaipur,Rajasthan",IT Services
BAZARSHUKULAGRI FARMER PRODUCER COMPANY LIMITED,"Sultanpur,Uttar Pradesh",Agriculture
VIMS MULTI SPECIALITY HOSPITAL,"Junagadh,Gujarat",Healthcare & Lifesciences
YOUNOUS'S NEXT GEN ENGLISH CLASSES PRIVATE LIMITED,"Ganderbal,Jammu and Kashmir",Education
Recharga Chargine,"Jaipur,Rajasthan",Renewable Energy
B WELD PRIVATE LIMITED,"Jaipur,Rajasthan",Construction
Baba Ratenshwar Security and Services (OPC) Private Limited,"Godda,Jharkhand",Security Solutions
Ocean Horse,"Noida,Uttar Pradesh",Advertising
YGENR TECH SOLUTIONS PRIVATE LIMITED COMPANY,"Kozhikode,Kerala",Healthcare & Lifesciences
Expert Writers,"Neemuch,Madhya Pradesh",IT Services
Pratik media &amp; outdoor advertising,"Pune,Maharashtra",Advertising
INNSKILL TECHNOLOGIES PRIVATE LIMITED,",Telangana",
Rebirth Enterprises,"Thiruvananthapuram,Kerala",Healthcare & Lifesciences
BOOKBARB BUSINESS PRIVATE LIMITED,"Kannur,Kerala",IT Services
Viaana Corporation,"Pune,Maharashtra",IT Services
BLUINK FINTECH (OPC) PRIVATE LIMITED,",Tamil Nadu",
SHIPIT,"Mumbai,Maharashtra",Transportation & Storage
LOCA BEVERAGES,"Panchkula,Haryana",Food & Beverages
SANE AUDIO CABLE PRIVATE LIMITED,"Ghaziabad,Uttar Pradesh",Automotive
SAA TAXATION,"Pali,Rajasthan",Professional & Commercial Services
TALIM,"Thrissur,Kerala",Education
Artronics PVT LTD,"Anand,Gujarat",Design
Smart E-Bin,"Hyderabad,Telangana",Waste Management
ZAYOLU ONE PRIVATE LIMITED,"Gurugram,Haryana",Food & Beverages
Burly Polymerus LLP,"Kottayam,Kerala",Healthcare & Lifesciences
ASPIRE HEALTH AND MEDICARE PRIVATE LIMITED,"Hyderabad,Telangana",Healthcare & Lifesciences
PATHERIA PRIVATE LIMITED,"Indore,Madhya Pradesh",Construction
SCRIPFOX TECHNOLOGIES PRIVATE LIMITED,"Gurugram,Haryana",Telecommunication & Networking
SHASYA SARATHI FARMERS PRODUCER COMPANY LIMITED,"Jhargram,West Bengal",Agriculture
GEEKYPI IT SERVICES PRIVATE LIMITED,"Chennai,Tamil Nadu",IT Services
FERGOATIVE AUTOMATION AND INDUSTRIES PRIVATE LIMITED,"Kanchipuram,Tamil Nadu",Automotive
ZEALOUS ENDEAVOUR PRIVATE LIMITED,"Ernakulam,Kerala",Robotics
Silvista India Pvt. Ltd,"Ahmedabad,Gujarat",Fashion
KML Tech Consultancy,"Bengaluru,Karnataka",IT Services
LEGALSTANLEY CONSULTANTS PRIVATE LIMITED,",Kerala",
JODHPUR ACADEMY PRIVATE LIMITED,"Ajmer,Rajasthan",Education
VENSA TECHNOLOGIES LLP,"Thane,Maharashtra",Human Resources
CASA REPOSE,"Bengaluru,Karnataka",Finance Technology
ARPIT JAIN,"Guwahati,Assam",Professional & Commercial Services
OPSNETIC PRIVATE LIMITED,"Pune,Maharashtra",IT Services
ANIRUDH RAJGARHIA,"Gurugram,Haryana",
INDUS AI PRIVATE LIMITED,"Gautam Buddha Nagar,Uttar Pradesh",Analytics
RUDRAVEER ELECTROMECH PROJECTS PRIVATE LIMITED,"Ahmedabad,Gujarat",Renewable Energy
Eleedom IMF Private Limited,"Patna,Bihar",Marketing
NUTRICAL PROTEINS INDIA PRIVATE LIMITED,"Anand,Gujarat",Agriculture
SHAIKH PETROLEUM PRIVATE LIMITED,"Vadodara,Gujarat",Non- Renewable Energy
GETRAISE PRIVATE LIMITED,"Jaipur,Rajasthan",IT Services
ADEROMANS INDUSTRIES PRIVATE LIMITED,"Aurangabad,Maharashtra",Other Specialty Retailers
ZOOMMAAX TECHNOLOGY PRIVATE LIMITED,"Chennai,Tamil Nadu",Finance Technology
leinarc projects private limited,"Bhubaneswar,Odisha",Architecture Interior Design
VIRTUALPAD PRIVATE LIMITED,"Gautam Buddha Nagar,Uttar Pradesh",Education
REVOEDUBOOK SERVICES PRIVATE LIMITED,"Firozpur,Punjab",Education
NEVON SOLUTIONS PRIVATE LIMITED,",Maharashtra",
Ramya and associates,"Hyderabad,Telangana",Finance Technology
D.K. BALAJI ENTERPRISES,"Lucknow,Uttar Pradesh",Automotive
AMAZON RIVULET,"Ernakulam,Kerala",Agriculture
airtaque,"Kannur,Kerala",Non- Renewable Energy
Unicom Futuristic Private Limited,"Amritsar,Punjab",Media & Entertainment
Nivesh.AI,"Thane,Maharashtra",Finance Technology
Awadh ganga minral water plant,"Kanpur,Uttar Pradesh",Food & Beverages
Neural Intelisys OPC Private Limited,"Noida,Uttar Pradesh",Professional & Commercial Services
Pescora Design (OPC) Private Limited,"Mumbai,Maharashtra",Architecture Interior Design
BIPMAN WORKS PRIVATE LIMITED,",Bihar",
PONAHARI ENTERPRISES PRIVATE LIMITED,"North East Delhi,Delhi",Human Resources
Core Fragrances,"North West Delhi,Delhi",Fashion
Vintage India Services,"East Delhi,Delhi",Human Resources
WRITTI HEALTH RESEARCH AND DEVELOPMENT OBSERVATORY LLP,"Ajmer,Rajasthan",Healthcare & Lifesciences
Domseed Marketing Private Limited,"Hyderabad,Telangana",Marketing
Enhance Gourmet Foods Pvt. Ltd.,"Pune,Maharashtra",Food & Beverages
MAN SINGH,"Ajmer,Rajasthan",
Bucephalus Ecovestment LLP,"Chennai,Tamil Nadu",Construction
KAPPA COFFEE PRIVATE LIMITED,"Ghaziabad,Uttar Pradesh",Food & Beverages
SHANTVANA CHILD DEVELOPMENT CENTER,"Ahmedabad,Gujarat",Healthcare & Lifesciences
AFFILIATE ENGINEERS PRIVATE LIMITED,"Junagadh,Gujarat",Technology Hardware
Shidul Industries,"Shimla,Himachal Pradesh",Animation
Monk Consultancy,"Mumbai,Maharashtra",IT Services
TY PREFAB PRIVATE LIMITED,"Jaipur,Rajasthan",Construction
Mac n Roy Realtors &amp; Developers,"Pune,Maharashtra",Real Estate
Eliea Wellness,"Guwahati,Assam",Healthcare & Lifesciences
Digipromoters,"Gautam Buddha Nagar,Uttar Pradesh",IT Services
NASEEM INSTITUTE OF PARAMEDICAL COUNCIL,"Aurangabad,Maharashtra",Education
AACHU M LOGISTICS OF INDIA LLP,"Ahmedabad,Gujarat",Transportation & Storage
NANDAS BEAUTIFYING SPACES PRIVATE LIMITED,"Mumbai,Maharashtra",Art & Photography
MGP CHEMPLY EXPORT PRIVATE LIMITED,"Ahmedabad,Gujarat",Other Specialty Retailers
ECOREL FLEXIPACK PRIVATE LIMITED,"Jodhpur,Rajasthan",Other Specialty Retailers
Abstrabit Technologies,"Bengaluru,Karnataka",IT Services
C V LASER INDIA PVT LTD.,"Bengaluru,Karnataka",Healthcare & Lifesciences
PpURESAP FOOD AND AGRO PRIVATE LIMITED,"Ahmedabad,Gujarat",Food & Beverages
NIC-NEXT INDIA CORPORATION LLP,"Ahmedabad,Gujarat",Healthcare & Lifesciences
SD YALI ROCK TOOLS LLP,"Hyderabad,Telangana",Technology Hardware
PHIGITAL CARE PRIVATE LIMITED,",Karnataka",
Box Game Studio,"Miryalaguda,Telangana",Media & Entertainment
MANAS CNG TECHNOLOGY,"Nashik,Maharashtra",Automotive
Elite,"Raigad,Maharashtra",Events
KINEUTKAL PRIVATE LIMITED,",Odisha",
XED EXECUTIVE DEVELOPMENT PRIVATE LIMITED,",Maharashtra",
NMS PETROCHEM PRIVATE LIMITED,"Ahmedabad,Gujarat",Professional & Commercial Services
BlueRanger Info-Sec,"Bhadohi,Uttar Pradesh",Education
ASK HOMES &amp; INFRA,"Hyderabad,Telangana",Real Estate
TECHNOSYS LABS PRIVATE LIMITED,"Ghaziabad,Uttar Pradesh",IT Services
NAMMALIDAM HOTELS AND RESORTS PRIVATE LIMITED,"Ernakulam,Kerala",Food & Beverages
TINYCROWS PRIVATE LIMITED,"Kota,Rajasthan",IT Services
TEJANGA HEALTHCARE PRIVATE LIMITED,"Sangli,Maharashtra",Healthcare & Lifesciences
ADFARM AGRITECH (OPC) PRIVATE LIMITED,"Khordha,Odisha",Agriculture
ALIFEROUS PMCS LLP,"Allahabad,Uttar Pradesh",Professional & Commercial Services
INNOVANA IMPEX,"Ahmedabad,Gujarat",Advertising
TCUBEAI TECHNOLOGIES PRIVATE LIMITED,"Hyderabad,Telangana",IT Services
PROTIGENIX LIFE SCIENCES PRIVATE LIMITED,",Andhra Pradesh",
Pediapulse Health Services Private Limited,"Bengaluru,Karnataka",Healthcare & Lifesciences
EL-FARO VENTURE PRIVATE LIMITED,"Ahmedabad,Gujarat",Professional & Commercial Services
UTKRISHT DIGITAL (OPC) PRIVATE LIMITED,"Cuttack,Odisha",IT Services
Aren AI Innovations Private Limited,"Hyderabad,Telangana",AI
Future Technologies,"East Delhi,Delhi",IT Services
Urbanwallah,"Coimbatore,Tamil Nadu",Retail
Torquev Technologies pvt ltd,"Kolkata,West Bengal",Toys and Games
Echo-heat,"Ballari,Karnataka",Green Technology
KALEIDEO SPACE SYSTEMS PRIVATE LIMITED,"Bengaluru,Karnataka",Aeronautics Aerospace & Defence
SHIVANI POLY PLAST,"Solan,Himachal Pradesh",Healthcare & Lifesciences
zero matter tech,"Hyderabad,Telangana",Automotive
CRELT PRIVATE LIMITED,"Mumbai,Maharashtra",Enterprise Software
RIZEBAR SOLUTIONS PRIVATE LIMITED,"Gurugram,Haryana",Healthcare & Lifesciences
DAV FASHION PRIVATE LIMITED,"Mumbai,Maharashtra",Fashion
VISMED HEALTHCARE PRIVATE LIMITED,",Madhya Pradesh",
SRIGAJANANYA SILKS PRIVATE LIMITED,"Salem,Tamil Nadu",Textiles & Apparel
SUSPROD RENEWABLE PRODUCTS PRIVATE LIMITED,",Tamil Nadu",
Drag Mart,"Gurugram,Haryana",Retail
BIZFIXERS,"Jammu,Jammu and Kashmir",Retail
UVISTA TECHNOLOGIES PRIVATE LIMITED,"Coimbatore,Tamil Nadu",Technology Hardware
INDIAN ROUTE,"Gurugram,Haryana",Retail
Hrang Home And Fashion,"Jaipur,Rajasthan",Textiles & Apparel
ENVIGENIC PRIVATE LIMITED,"Chennai,Tamil Nadu",Green Technology
K.SISTERS BEAUTY &amp;amp; PERSONAL HYGIENE PRIVATE LIMITED,"Surat,Gujarat",Other Specialty Retailers
KHIZAR OCEAN LOGISTICS PRIVATE LIMITED,"Port Blair,Andaman and Nicobar Islands",Travel & Tourism
SHIV FLYASH BRICKS AND BLOCKS,"Bilaspur,Chhattisgarh",Waste Management
Partyplace,"Hugli-Chinsurah,West Bengal",Food & Beverages
TIRUMALA DIGITAL,"Khordha,Odisha",Retail
ASSHFABTECH INDUSTRIES PRIVATE LIMITED,"Pune,Maharashtra",Automotive
D-WORLD,"Coimbatore,Tamil Nadu",Professional & Commercial Services
Core Web Networks,"North West Delhi,Delhi",IT Services
PRIME AUTOMOTIVE MANUFACTURING,"Tiruppur,Tamil Nadu",Automotive
Jers Cloud Kitchen Private Limited,"Coimbatore,Tamil Nadu",Food & Beverages
DHARANI GEOTECH ENGINEERS INDIA PRIVATE LIMITED,"Namakkal,Tamil Nadu",Construction
GM HARDWARES,"Solan,Himachal Pradesh",Technology Hardware
VEDIKAGRI PRIVATE LIMITED,"Surat,Gujarat",Agriculture
BLUE DECIMAL TECHNOLOGIES PRIVATE LIMITED,"Hyderabad,Telangana",Enterprise Software
DELIGHT FOOD PRODUCTS,"Dindigul,Tamil Nadu",Food & Beverages
WYOMING GLOBAL RESEARCH WORLD (OPC) PRIVATE LIMITED,"Bengaluru Urban,Karnataka",Analytics
g h Enterprises,"Basti,Uttar Pradesh",Food & Beverages
DREAMZ VISION CREATIVE GEEKS PRIVATE LIMITED,",Maharashtra",
BIMEDGE PRIVATE LIMITED,",Odisha",
GJSEVEN TECH PRIVATE LIMITED,"Nadiad,Gujarat",Healthcare & Lifesciences
DA DA,"Vellore,Tamil Nadu",Healthcare & Lifesciences
Stifoo,"Shimla,Himachal Pradesh",Food & Beverages
The Xiting Way,"Rajpura,Punjab",IT Services
AYU HEALTH ALLIED SERVICES PRIVATE LIMITED,"Chennai,Tamil Nadu",Healthcare & Lifesciences
Adriverd Private Limited,"West Delhi,Delhi",IT Services
PrintProxy - A product from RonLi.io,"Bengaluru,Karnataka",Safety
BKG Associates Pvt. Ltd.,"Kolkata,West Bengal",Agriculture
E-GINIE INFOTECH LLP,",Delhi",
Sahyog Business Clinic LLP,"Ahmedabad,Gujarat",Design
ASSIGNMENT HUB RESEARCH PRIVATE LIMITED,"Baran,Rajasthan",Education
Quave Hospitality,"Mumbai,Maharashtra",Travel & Tourism
Cococraft Green Ventures Private Limited,"Indore,Madhya Pradesh",Waste Management
FUDTEKEY SOLUTIONS LLP,"Thane,Maharashtra",Food & Beverages
GOSeeds,"Navi Mumbai,Maharashtra",Food & Beverages
ANATOPAI PRIVATE LIMITED,"Maldah,West Bengal",IT Services
Goga ji travels,"Delhi,Delhi",Travel & Tourism
H &amp;amp; S MEN'S CUSTOMISED MEN'S WEAR,"Chandigarh,Chandigarh",Textiles & Apparel
NPAY TECHNOLOGIES PRIVATE LIMITED,"North West Delhi,Delhi",Finance Technology
INDO GLOBE EDUCATION SERVICES PRIVATE LIMITED,"Chitradurga,Karnataka",Education
GREENEARTH CORPORATION,"Amravati,Maharashtra",Healthcare & Lifesciences
M/S HILLOCK ENGINEERS,"Navi Mumbai,Maharashtra",Construction
JCR AGRO LLP,"Ahmedabad,Gujarat",Agriculture
Aadwan Youth Foundation,"Bhadohi,Uttar Pradesh",Social Impact
DADA MALDEY PRIVATE LIMITED,"Rohtak,Haryana",Analytics
AIRSHARP,"Kanpur Nagar,Uttar Pradesh",Retail
AUSHADHAM VED SCIENCE PRIVATE LIMITED,"Ahmedabad,Gujarat",House-Hold Services
Uniglad Private limited,"Faridabad,Haryana",Renewable Energy
JEC EDUCARE ACADEMY (OPC) PRIVATE LIMITED,"Gulbarga,Karnataka",Education
TECTRA SERVE PRIVATE LIMITED,"Chennai,Tamil Nadu",Healthcare & Lifesciences
KULFI MASTERS,"Bathinda,Punjab",Food & Beverages
DIGITALGOAL,"Meerut,Uttar Pradesh",Marketing
MINIDREAMS LLP,",Tamil Nadu",
TK VELOCITY WHEELS PRIVATE LIMITED,"Chennai,Tamil Nadu",Automotive
TERRAIN SECURE LLP,",Punjab",
S N ELECTRA MOTORS,"Chennai,Tamil Nadu",Automotive
laxmi diary farm,"Rajgarh,Madhya Pradesh",Agriculture
AMARA HEALTH (OPC) PRIVATE LIMITED,",Maharashtra",
EXADATUM SOFTWARE SERVICES PRIVATE LIMITED,",Maharashtra",
Xed Executive Development Pvt. Ltd.,"Mumbai,Maharashtra",Education
VERITAS HEALTH SCIENCE PRIVATE LIMITED,"Navsari,Gujarat",Healthcare & Lifesciences
SHUBHAM MISHRA,"New Delhi,Delhi",
PALATHINGAL HERBAL INDUSTRIES PRIVATE LIMITED,"Ernakulam,Kerala",Food & Beverages
GAURANSH INTERNATIONAL CRAFTED PRIVATE LIMITED,"West Delhi,Delhi",Other Specialty Retailers
K D INFOCOM PRIVATE LIMITED,",Gujarat",
EXAMEN FORMA PRIVATE LIMITED,"Rajkot,Gujarat",Automotive
DAY AC COOLER,"Mumbai Suburban,Maharashtra",Green Technology
JMDLS CNG TESTING PLANT PRIVATE LIMITED,"Ranchi,Jharkhand",Professional & Commercial Services
MAULANA AZAD MODERN COUNCIL,"Aurangabad,Maharashtra",Education
CKVK ENTERPRISES PRIVATE LIMITED,"Jabalpur,Madhya Pradesh",Human Resources
VIITO CAMPUS PRIVATE LIMITED,"Chennai,Tamil Nadu",Education
INDIGLOO SOFTWARES PRIVATE LIMITED,"Mumbai,Maharashtra",IT Services
"Targe Electrical, Jalna","Jalna,Maharashtra",Renewable Energy
DREGAL I PRIVATE LIMITED,"Dakshina Kannada,Karnataka",IT Services
FARMERETTE HEALTH FOODS PRIVATE LIMITED,"Madurai,Tamil Nadu",Food & Beverages
ECOOPEX CONSULTANCY LLP,"Beed,Maharashtra",IT Services
ALIVO CLEAN TECHSOLUTIONS PRIVATE LIMITED,"Mumbai,Maharashtra",House-Hold Services
SPROFUES PRIVATE LIMITED,"Vasai-Virar,Maharashtra",Green Technology
Homestaying.in,"North 24 Parganas,West Bengal",Travel & Tourism
SQUADRONE TECHNOLOGIES LLP,",Karnataka",
AgriX Seeds Private Limited,"Gandhinagar,Gujarat",Agriculture
iCart Technologies,"Mangaluru,Karnataka",Other Specialty Retailers
Farmint,"Bhubaneswar,Odisha",Enterprise Software
Plastom Enterprises LLP,"Ernakulam,Kerala",Waste Management
Srujan post natal care,"Bengaluru,Karnataka",Healthcare & Lifesciences
CHESS64,"Bengaluru Urban,Karnataka",Sports
VENTURA LEARNING TECHNOLOGIES LLP,"Pune,Maharashtra",Education
PDI CREATORS HUB PRIVATE LIMITED,"Noida,Uttar Pradesh",Art & Photography
JYOTI ENTERPRISES,"Jabalpur,Madhya Pradesh",Human Resources
REALONE REAL ESTATE PROPTECH PRIVATE LIMITED,"Navi Mumbai,Maharashtra",Real Estate
CRONYISM PRIVATE LIMITED,"Vijayawada,Andhra Pradesh",IT Services
AVINYA THALLY PROJECTS PRIVATE LIMITED,"Bengaluru Urban,Karnataka",Real Estate
SY Associates,"Ghaziabad,Uttar Pradesh",IT Services
Saurabh Kumar Dubey,"Kaimur (Bhabua),Bihar",
RATHORE CABLE AND O F C NETWORKS PRIVATELIMITED,",Rajasthan",
BRAINTECH ACADEMY EDUCATIONAL MANAGEMENT PRIVATE,"Korba,Chhattisgarh",Education
Palsiddha Cotton Products,"Mehkar,Maharashtra",Healthcare & Lifesciences
IcyHot.live,"Gurugram,Haryana",Media & Entertainment
SANKALP LEARNING SOLUTIONS LLP,"Bengaluru Urban,Karnataka",Education
IEEMO ELECTRIC PRIVATE LIMITED,"Bengaluru,Karnataka",Automotive
Social Status,"Lalsot,Rajasthan",Social Network
Natural Stona,"Rewari,Haryana",Construction
TERRAIN SECURE LLP,"Ludhiana,Punjab",Retail
Optigon Ventures Private Limited,"Chennai,Tamil Nadu",Enterprise Software
Sarang Clicks,"Navi Mumbai,Maharashtra",Art & Photography
Physica,"Mumbai,Maharashtra",Healthcare & Lifesciences
RELAXPLZZ TECHNOLOGIES,"Thiruvananthapuram,Kerala",IT Services
THERMOG KLIMA TECHNOLOGIE PRIVATE LIMITED,"Bengaluru Urban,Karnataka",Non- Renewable Energy
BIC INTERCERT PRIVATE LIMITED,"South Delhi,Delhi",Professional & Commercial Services
BRIDGR INNOVATIONS PRIVATE LIMITED,"Ernakulam,Kerala",Green Technology
YELLOWBLOOM FASHION AND APPAREL LLP,"Bengaluru,Karnataka",Fashion
SKEWDECK PRIVATE LIMITED,"Cuttack,Odisha",Fashion
CHARA TECHNOLOGIES,"Chennai,Tamil Nadu",Automotive
NAITIK GREEN ENVIRO SOLUTIONS,"Meerut,Uttar Pradesh",Waste Management
Tenali Rama Animation Private Limited,"Bengaluru,Karnataka",Animation
GALAXY ECOENERGY PRIVATE LIMITED,"Rajkot,Gujarat",Renewable Energy
HOLD,"Bengaluru,Karnataka",Social Network
R K ENTERPRISES,"Belagavi,Karnataka",Food & Beverages
MECLE GREEN,"Panchmahal,Gujarat",Green Technology
ANATTA  INNOVATIONS,"Chitradurga,Karnataka",AI
IDINASO ALLIENCE PRIVATE LIMITED,"Kolkata,West Bengal",Professional & Commercial Services
VIUS ACCOUNTING,"Ludhiana,Punjab",Professional & Commercial Services
4Run Life,"Gurugram,Haryana",Education
DIBRA SOLUTIONS PRIVATE LIMITED,"Chennai,Tamil Nadu",Waste Management
Silky Singh,"Bengaluru Urban,Karnataka",Biotechnology
Enigcation,"Belagavi,Karnataka",Professional & Commercial Services
Mor water plant,"Jind,Haryana",Food & Beverages
RUSH BEAUTY MAKEUP &amp; SKINCARE LLP,"Pune,Maharashtra",Fashion
Sugar and Chilli International,"Delhi,Delhi",Food & Beverages
SLKP MULTI SERVICES PRIVATE LIMITED,"Purba Medinipur,West Bengal",Human Resources
AG MEDTECH SOLUTIONS PRIVATE LIMITED,"East Godavari,Andhra Pradesh",Healthcare & Lifesciences
ICLONIS TECH SOLUTIONS,"Bengaluru,Karnataka",IT Services
SMARTECH AUTOMATIONS LLP,"Gandhinagar,Gujarat",Technology Hardware
BAJATO LIGHTS LLP,"North Delhi,Delhi",Other Specialty Retailers
HYGGEX DIGITAL SERVICES PRIVATE LIMITED,"Lucknow,Uttar Pradesh",Education
Anayara Security &amp;amp; Manpower Services,"Allahabad,Uttar Pradesh",Human Resources
Brainowls Technologies Pvt Ltd,"Bhopal,Madhya Pradesh",Enterprise Software
AGGRESS RENEWABLE ENERGY SOLUTION PRIVATE LIMITED,"Pune,Maharashtra",Green Technology
M/S T.J.I ENTERPRISE,"Kamrup,Assam",Construction
Devbhoomi suvidha kendra,"Rudrapur,Uttarakhand",Chemicals
SARVAM INFRATECH PRIVATE LIMITED,"Rajkot,Gujarat",Construction
MS INFRATECH SOLUTIONS PRIVATE LIMITED,"East Singhbhum,Jharkhand",IT Services
PAPERRABBIT SOLUTIONS PRIVATE LIMITED,",Karnataka",
KAMAL FOODS PRIVATE LIMITED,"Rajnandgaon,Chhattisgarh",Food & Beverages
MANATI MENTAL HEALTHCARE TECHNOLOGIES PRIVATE LIMITED,"Bhubaneswar,Odisha",Healthcare & Lifesciences
Musa kraftz,"Srinagar,Jammu and Kashmir",Fashion
STAIRS TRADING PRIVATE LIMITED,"Tiruchirappalli,Tamil Nadu",Retail
A S Tamra Udyog LLP,"Rewari,Haryana",Automotive
BHUMI SHREE CONSTRUCTION (OPC) PRIVATE LIMITED,"Bokaro,Jharkhand",Construction
TOY FACTORUM PRIVATE LIMITED,",Tamil Nadu",
MEETNOTES PRIVATE LIMITED,"Mumbai,Maharashtra",AI
JAYCHANDI MATA BIO FUEL PRIVATE LIMITED,"Baleswar,Odisha",Renewable Energy
BRANDROCKET SOLUTIONS,"South Delhi,Delhi",Advertising
Devi Enterprises (DeviEstore),"Ahmedabad,Gujarat",Internet of Things
Sankara Rao Private Limited,"Medchal Malkajgiri,Telangana",Technology Hardware
shree padma Agritech,",Gujarat",
Sapientia Cloud Solutions,"Kothagudem,Telangana",AI
NetSense CyberSecurity Pvt. Ltd.,"Belagavi,Karnataka",Security Solutions
Aimeron,"Kollam,Kerala",IT Services
PETHABIT TECHNOLOGIES PRIVATE LIMITED,"Bengaluru,Karnataka",Pets & Animals
BLACKDOBBY,"Bengaluru Urban,Karnataka",Textiles & Apparel
ODISSY INNOVATIVES PRIVATE LIMITED,",Odisha",
testing,"Baksa,Assam",Analytics
COMPUTHINK INDIA PRIVATE LIMITED,"Bengaluru,Karnataka",IT Services
Bangle Wangle,"Jaipur,Rajasthan",Fashion
Why Digit System Private Limited,"Bengaluru Urban,Karnataka",IT Services
VALIANT,"Chennai,Tamil Nadu",Fashion
Skill Swap,"Mumbai,Maharashtra",Social Network
ALTBREW COFFEEWORKS PRIVATE LIMITED,",Maharashtra",
POWER OF YOUTHS,"Belagavi,Karnataka",Education
LYCORIS ADS &amp; SOFTWARE SOLUTIONS PRIVATE LIMITED,"East Godavari,Andhra Pradesh",Agriculture
Lvk edits,"Gobichettipalayam,Tamil Nadu",Advertising
FEE-WAY PHARMACEUTICALS PRIVATE LIMITED,"Bareilly,Uttar Pradesh",Chemicals
GREEN GLOBAL AGROCEUTICALS PRIVATE LIMITED,"Vadodara,Gujarat",Agriculture
Goradia Safety Products Pvt.Ltd,"Mumbai,Maharashtra",Automotive
UNIQUE INDUSTRIES,"Kalyan-Dombivali,Maharashtra",Other Specialty Retailers
Stay whizzy,"Bengaluru Urban,Karnataka",Finance Technology
M/s CM &amp; M Associates,"Kolkata,West Bengal",Education
SOLARIS AGRITECH PRIVATE LIMITED,"Ahmedabad,Gujarat",Professional & Commercial Services
ANORALUX INDUSTRIES PRIVATE LIMITED,"Mumbai,Maharashtra",Technology Hardware
ALT Xperiences Private Limited,"Bengaluru Urban,Karnataka",Travel & Tourism
ENDOCHOICE MEDITECH TECHNOLOGY PRIVATE LIMITED,"Patna,Bihar",Healthcare & Lifesciences
UNIQUE CENTREQUIPO PRIVATE LIMITED,"Ranga Reddy,Telangana",Automotive
SWASTISHRI AUTO CRIMP TECHNOLOGIES PRIVATE LIMITED,"Pune,Maharashtra",Technology Hardware
SANU SECURITY AND MANPOWER SERVICES (OPC) PRIVATE LIMITED,"Jabalpur,Madhya Pradesh",Security Solutions
RAMADHIRAJ POWER SYSTEMS PRIVATE LIMITED,"Ghaziabad,Uttar Pradesh",Safety
M/S DAILY NEEDS KART,"Dehradun,Uttarakhand",Retail
KB Industries,"Tiruchirappalli,Tamil Nadu",Renewable Energy
MS  DAMARA CONSTRUCTION COMPANY,"Jind,Haryana",Construction
MEDLORD INC,"Jaipur,Rajasthan",Healthcare & Lifesciences
KumKriti,"Ahmedabad,Gujarat",Textiles & Apparel
INCTRA COMMUNICATION PRIVATE LIMITED,",Haryana",
UTF INNOVATIONS PRIVATE LIMITED,"Ernakulam,Kerala",IT Services
Relinq,"Madurai,Tamil Nadu",IT Services
RAMPART SECURE GUARD PRIVATE LIMITED,",Bihar",
NoFuss Foodworks,"Gurugram,Haryana",Food & Beverages
TaxPro,"Thiruvananthapuram,Kerala",Finance Technology
Craftcart,"Ujjain,Madhya Pradesh",Art & Photography
Jolly Holidays,"Srinagar,Jammu and Kashmir",Travel & Tourism
RockLobster Games Private Limited,"Pune,Maharashtra",Toys and Games
Xpuls,"Hyderabad,Telangana",Enterprise Software
NimbusOne Technologies Private Limited,"Coimbatore,Tamil Nadu",Enterprise Software
BuildSuite,"Kozhikode,Kerala",Enterprise Software
Zed Capitals,"Roorkee,Uttarakhand",Finance Technology
Organic Tap,"Bengaluru,Karnataka",Agriculture
PADMANABH INNOVATIONS LLP,",Rajasthan",
Koraj Crafts,"Chhota Udepur,Gujarat",Waste Management
KAFFA KUWWA INNOVATIONS PVT. LTD.,"Kolkata,West Bengal",Green Technology
R.M. ENTERPRISES,"Mumbai,Maharashtra",Technology Hardware
OCHRE SPIRITS PRIVATE LIMITED,"North Goa,Goa",Food & Beverages
JaboCabs,"Kolkata,West Bengal",Transportation & Storage
SONSHIV INDUSTRIES PRIVATE LIMITED,"Lucknow,Uttar Pradesh",Green Technology
Totelligence,"Rayachoti,Andhra Pradesh",Education
Qtrino Labs Private Limited,"Patna,Bihar",Technology Hardware
medamax,"Bengaluru,Karnataka",Healthcare & Lifesciences
Richford Allianz Private Limited,"Kolkata,West Bengal",Automotive
PAHAL ENTERPRISES,"Lucknow,Uttar Pradesh",Professional & Commercial Services
Gallery Fashion,"Cuttack,Odisha",Retail
CPM ENGINEERING PRIVATE LIMITED,"Pune,Maharashtra",IT Services
AAN EV PRIVATE LIMITED,"Rajkot,Gujarat",Automotive
CONVERGENT VIEW RESEARCH &amp; CONSULTANCY PRIVATE LIMITED,",Delhi",
DEEPAK KUMAR,"Bhagalpur,Bihar",Finance Technology
SOLATIDO PRIVATE LIMITED,"Mumbai,Maharashtra",Agriculture
MAXCURE LABORATORIES,"Solan,Himachal Pradesh",Healthcare & Lifesciences
PREZR PRIVATE LIMITED,"Thiruvananthapuram,Kerala",House-Hold Services
ERVE INDIA PRIVATE LIMITED,"Coimbatore,Tamil Nadu",Fashion
HARE KRISHNA ENVIRONMENT,"Ankleshwar,Gujarat",Professional & Commercial Services
MAXFEEDS BEVERAGE PRIVATE LIMITED,"Deoghar,Jharkhand",Food & Beverages
VS COLLECTIVE LLP,"Dakshina Kannada,Karnataka",Construction
UNIONE CONDIMENTS (OPC) PRIVATE LIMITED,"East Delhi,Delhi",Healthcare & Lifesciences
Web decor Studio,"Ahmedabad,Gujarat",IT Services
METROANODISE PRIVATE LIMITED,"Ahmedabad,Gujarat",Professional & Commercial Services
UrbanEase,"Vijayapura,Karnataka",Real Estate
METROLAB AEROTECH PRIVATE LIMITED,"Pune,Maharashtra",Aeronautics Aerospace & Defence
RADHIKANANDINI AGRO PRIVATE LIMITED,"Gumla,Jharkhand",Food & Beverages
Helicon buizworld,"Central Delhi,Delhi",Professional & Commercial Services
GREENINNOVATE AGRI PRIVATE LIMITED,"Chennai,Tamil Nadu",Agriculture
WAYNATUR,"Chennai,Tamil Nadu",Fashion
SIGMAVERSE PRIVATE LIMITED,",Telangana",
Cycleonrent,"Mumbai,Maharashtra",Professional & Commercial Services
SM Software,"Sangli,Maharashtra",Enterprise Software
TRIPLE SHIELD SECURITY SERVICES &amp;amp; FIRE SAFETY PRIVATE LIMITED,"Lucknow,Uttar Pradesh",Security Solutions
TRAIT VALUE ENGINEERING SERVICE (OPC) PRIVATE LIMITED,"Dhule,Maharashtra",Professional & Commercial Services
M/S UNITED CONSTRUCTION,"Medininagar Daltonganj,Jharkhand",Construction
RACHANE ENGINEERING SOLUTIONS LLP,",Karnataka",
oftoon tech private limited,"Namakkal,Tamil Nadu",Retail
CHIKU MOBILITY INDIA PRIVATE LIMITED,"Varanasi,Uttar Pradesh",Travel & Tourism
SAI SURVEYS,"Koraput,Odisha",Construction
cribate,"Jaipur,Rajasthan",Social Network
SURYANANDI FARMER PRODUCER COMPANY LIMITED,"Gulbarga,Karnataka",Agriculture
Samin Akhtar,"Darrang,Assam",
LEGALXINDIA ADVISORY PRIVATE LIMITED,"North 24 Parganas,West Bengal",Finance Technology
BNKL ORGANIC MARKETING (OPC) PRIVATE LIMITED,"Namakkal,Tamil Nadu",Marketing
S.A DIGITAL SOLUTIONS PRIVATE LIMITED,"Thane,Maharashtra",AI
Parenting Nook,"Bengaluru Urban,Karnataka",Education
VaidyaRX,"Delhi,Delhi",Healthcare & Lifesciences
PLANTY HOMES PRIVATE LIMITED,",Chandigarh",
REWATI AUTOMOTIVE PRIVATE LIMITED,"Singrauli,Madhya Pradesh",Automotive
MEDIURE HEALTHCARE TECHNOLOGY LLP,"North West Delhi,Delhi",Healthcare & Lifesciences
ARIOSO PLASTOTAPES PRIVATE LIMITED,"Bhavnagar,Gujarat",Professional & Commercial Services
SRI VARSHA TAX CONSULTANTS,"Hyderabad,Telangana",Professional & Commercial Services
DELIGHT ENTERPRISES,"Jabalpur,Madhya Pradesh",Human Resources
ATLIFELINE HEALTHCARE &amp;amp; WELLNESS PRIVATE LIMITED,"Pune,Maharashtra",Healthcare & Lifesciences
VIUSH TRADING AND MANUFACTURING LLP,"Mumbai,Maharashtra",Textiles & Apparel
Livyon Lifescience,"Ahmedabad,Gujarat",Healthcare & Lifesciences
DARAL INDIA PRIVATE LIMITED,"New Delhi,Delhi",Human Resources
OneTouch Enterprises,"Mumbai,Maharashtra",Other Specialty Retailers
SAHAZ IT SOLUTIONS PRIVATE LIMITED,"Kushinagar,Uttar Pradesh",Technology Hardware
VBA INFOTECH PRIVATE LIMITED,"Satara,Maharashtra",IT Services
Being Electro,"Patna,Bihar",Technology Hardware
POTS AND GRAINS PRIVATE LIMITED,"Coimbatore,Tamil Nadu",Agriculture
PRIKA LEVER PRIVATE LIMITED,"Ahmedabad,Gujarat",Healthcare & Lifesciences
BIHANSUN BAZAR PRIVATE LIMITED,"Bhopal,Madhya Pradesh",Food & Beverages
SPARKTECH EDUCATION PVT LTD,"Jamshedpur,Jharkhand",Education
FUEL XPRESS,"Hyderabad,Telangana",Non- Renewable Energy
Navya S,"Kochi,Kerala",
KONKAN ORCHARDS,"Mumbai,Maharashtra",Food & Beverages
Andamanwaleyatri,"Port Blair,Andaman and Nicobar Islands",Travel & Tourism
ABOTSYS PRIVATE LIMITED,"Central Delhi,Delhi",Security Solutions
Satavic Innovations Private Limited,"Bengaluru,Karnataka",Healthcare & Lifesciences
HandmadeIN,"Ahmedabad,Gujarat",Retail
Aquadore,"Raigad,Maharashtra",Agriculture
ANN GLOBAL PRIVATE LIMITED,"Varanasi,Uttar Pradesh",Healthcare & Lifesciences
CareChainAI,"Mumbai,Maharashtra",Healthcare & Lifesciences
ICREAU SOLUTIONS INDIA PVT LTD,"Patna,Bihar",Real Estate
MiniDreams LLP,"Tiruppur,Tamil Nadu",AI
DOSTI SECURITY AND MANPOWER INDIA PRIVATE LIMITED,",Maharashtra",
Jannobi Staffing Service,"Asansol,West Bengal",Human Resources
Repill Technologies Pvt. Ltd.,"Gurugram,Haryana",Healthcare & Lifesciences
Astrofeast,"Visakhapatnam,Andhra Pradesh",Food & Beverages
OAK BAY SPIRITS PRIVATE LIMITED,"South West Delhi,Delhi",Food & Beverages
Fresh Bags,"Bengaluru Urban,Karnataka",Agriculture
MILKOSE FOOD PROCESSING PRIVATE LIMITED,"Delhi,Delhi",Food & Beverages
Meri Property,"Pune,Maharashtra",Real Estate
ASA GLOBAL SERVICERS PRIVATE LIMITED,"Bareilly,Uttar Pradesh",Agriculture
Raj-Manali Agro Farm,"Thane,Maharashtra",Agriculture
KOHNTH INSTITUTE OF AVIATION AND TRAINING ACADEMY PRIVATE LIMITED,"Muzaffarnagar,Uttar Pradesh",Education
AAPNIKALA,"Jaipur,Rajasthan",Other Specialty Retailers
APT Global Fincon Private Limited,"Mumbai Suburban,Maharashtra",Finance Technology
AAYATFS TRADING PRIVATE LIMITED,"Ahmedabad,Gujarat",Retail
Fibe,"Pune,Maharashtra",Finance Technology
BLONI STUDIOS PRIVATE LIMITED,"Hisar,Haryana",Fashion
S.L Coaching Institute,"Tuensang,Nagaland",Education
SLS GENPRO PRIVATE LIMITED,"Surat,Gujarat",Biotechnology
ZENA FUTURES PRIVATE LIMITED,"Khordha,Odisha",Non- Renewable Energy
Tri-Netra,"Purba Medinipur,West Bengal",Internet of Things
BAMBOOGENIE AGTECH LLP,"Pune,Maharashtra",Agriculture
YellowZone Realtors Pvt LTD,"Bengaluru,Karnataka",Real Estate
SAI SOTIJ ENTERPRISES PRIVATE LIMITED,"Thane,Maharashtra",Professional & Commercial Services
MEMORAZO GIFTING PRIVATE LIMITED,"Gurugram,Haryana",Retail
KIVYA MFG & SALES LLP,"Patna,Bihar",Other Specialty Retailers
ARPAN SOCIAL VENTURES PRIVATE LIMITED,"Vadodara,Gujarat",Social Impact
INDTARA SPECIALITY PRIVATE LIMITED,",Maharashtra",
MOGAMEBO CORPORATION PVT. LTD.,"Imphal West,Manipur",Toys and Games
Planty Homes Pvt. Ltd.,"Chandigarh,Chandigarh",Agriculture
JABSIT PRIVATE LIMITED,"Hyderabad,Telangana",IT Services
ANIMIDON HEALTH PRIVATE LIMITED,",Tamil Nadu",
DUHA OVERSEAS PRIVATE LIMITED,",Assam",
MATRYA CHHAYA CONSTRUCTIONS PRIVATE LIMITED,"Guna,Madhya Pradesh",Construction
dailyreads.in,"Bengaluru Urban,Karnataka",Enterprise Software
TAUPE LIFESTYLE PRIVATE LIMITED,",Punjab",
Myzer,"Indore,Madhya Pradesh",IT Services
FLY WING UAV PRIVATE LIMITED,"Jabalpur,Madhya Pradesh",Robotics
E-SFS Eduventures Private Limited,"Alwar,Rajasthan",Education
JASH ADVERTISING AVENUES PRIVATE LIMITED,"Gandhinagar,Gujarat",Advertising
Leela Naturals LLP,"Bengaluru,Karnataka",Food & Beverages
SECUPULSE TECHNOLOGIES PRIVATE LIMITED,"Ranga Reddy,Telangana",Security Solutions
SEPPAM SEMANTICS PRIVATE LIMITED,",Tamil Nadu",
MATA RANI CONSTRUCTIONS,"Patna,Bihar",Construction
AUCTINA PRIVATE LIMITED,"Saran,Bihar",Retail
jeevikum transtech LLP,"Thane,Maharashtra",Professional & Commercial Services
Student Startup,"Mumbai,Maharashtra",Finance Technology
WAY TO HEAL MEDICAL HEALTHCARE PRIVATE LIMITED,"Gurugram,Haryana",Healthcare & Lifesciences
DHRUVON TECHNOLOGY  PVT LTD,"Mumbai,Maharashtra",Education
Such Rugs,"Bengaluru Urban,Karnataka",Architecture Interior Design
CRAVIFY FOODS LLP,"Udupi,Karnataka",Food & Beverages
OCEANS EDUCATION AND IMMIGRATION SERVICES PRIVATE LIMITED,"Ambala,Haryana",Education
RJVA ENTERTAINMENT LLP,"Mumbai,Maharashtra",Events
Phonobyte Private Limited,"Howrah,West Bengal",AI
TOUR STUDIO PRIVATE LIMITED,"East Delhi,Delhi",Travel & Tourism
MAEDESA INFO PRIVATE LIMITED,"Mayurbhanj,Odisha",IT Services
GUIDENCO SOFTWARE PRIVATE LIMITED,"Ernakulam,Kerala",Travel & Tourism
AAYAT EDUCATION LLP,"Ahmedabad,Gujarat",Education
Cyber Tech IT Solutions,"Pune,Maharashtra",Technology Hardware
MELO INTERIORS,"Kollam,Kerala",Architecture Interior Design
JIVIDHA FARMERS PRODUCER COMPANY LIMITED,"Pune,Maharashtra",Agriculture
SODATA LLP,"Srinagar,Jammu and Kashmir",Telecommunication & Networking
BCS ENGINEERING (OPC) PRIVATE LIMITED,"Nagpur,Maharashtra",Professional & Commercial Services
ANAV INFOMEDIA PRIVATE LIMITED,"Gautam Buddha Nagar,Uttar Pradesh",Media & Entertainment
KARAM STEEL INDUSTRIES PRIVATE LIMITED,"Fatehgarh Sahib,Punjab",Retail
Zetexa Global Private Limited,"Bengaluru Urban,Karnataka",Telecommunication & Networking
Cyborg Network Communications,"Jammu,Jammu and Kashmir",Technology Hardware
SR PRAELIA TRADING &amp; SERVICES LLP,"Raigad,Maharashtra",Food & Beverages
Assurance Maritime Servicecs,"Mumbai,Maharashtra",Other Specialty Retailers
AL-FATTAH GEMSTONES PRIVATE LIMITED,"Jaipur,Rajasthan",Marketing
Integhive Solutions Private Limited,"Bengaluru,Karnataka",IT Services
SIDDHADAS AGRO FARMER PRODUCER COMPANY LIMITED,"Sultanpur,Uttar Pradesh",Agriculture
PALAMU ENTERPRISES PRIVATE LIMITED,"South Eastdelhi,Delhi",Fashion
EZZY SAFETY AND INDUSTRIAL PRODUCTS,"Chennai,Tamil Nadu",Other Specialty Retailers
SEPPAM SEMANTICS PRIVATE LIMITED,"Chennai,Tamil Nadu",IT Services
ALLOFFICIALS,"Hassan,Karnataka",Textiles & Apparel
NIYARA WORKFORCE SOLUTIONS PRIVATE LIMITED,"Mumbai Suburban,Maharashtra",Human Resources
FYRESTORRM MEDIA TECHNOLOGY PRIVATE LIMITED,"Gurugram,Haryana",Media & Entertainment
SOLS LEGAL LLP,"Mumbai Suburban,Maharashtra",Professional & Commercial Services
VNK Films pvt ltd,"Mumbai,Maharashtra",Media & Entertainment
TOTAL CARE SECURITY AND ALLIED SERVICE PRIVATE LIMITED,"Thiruvananthapuram,Kerala",Human Resources
DAIRY PHARMING,"Ichalkaranji,Maharashtra",Agriculture
ADSGOAT PRIVATE LIMITED,"Hyderabad,Telangana",Advertising
MAKKADDAM SERVICE BUSINESS PRIVATE LIMITED,"Rajkot,Gujarat",Professional & Commercial Services
BRIGHTON SURFACE PRIVATE LIMITED,"Anand,Gujarat",Chemicals
Odissy Innovatives Private Limited,"Bhubaneswar,Odisha",Advertising
11 Fifty Nine,"Navi Mumbai,Maharashtra",Textiles & Apparel
RL GRACE LIFE PVT LTD,"Navi Mumbai,Maharashtra",Chemicals
CITYJUNCTION TELEVISION PRIVATE LIMITED,"Akola,Maharashtra",Media & Entertainment
Peteye,"Hyderabad,Telangana",Pets & Animals
Vasanth M,"Coimbatore,Tamil Nadu",
SD SERVICES,"Coimbatore,Tamil Nadu",Professional & Commercial Services
NVB MANUFACTURING LLP,"Junagadh,Gujarat",Agriculture
Restaurant,"Coimbatore,Tamil Nadu",Food & Beverages
JV AGRO FOODS &amp;amp; EXPORTS,"Thanjavur,Tamil Nadu",Food & Beverages
happy day,"Coimbatore,Tamil Nadu",Events
CLUTCHER PITSTOP,"Coimbatore,Tamil Nadu",Retail
A Full LIfe,"Noida,Uttar Pradesh",Healthcare & Lifesciences
Sheshashaila Enterprises,"Bengaluru,Karnataka",Food & Beverages
we can empire,"Bharuch,Gujarat",Construction
K ASHA,"Port Blair,Andaman and Nicobar Islands",Travel & Tourism
RITEFIT STAFFING PRIVATE LIMITED,"Ghaziabad,Uttar Pradesh",Human Resources
PIXONATE LAB PRIVATE LIMITED,"Nandurbar,Maharashtra",AI
ARRI CREATION PRIVATE LIMITED,"Mumbai,Maharashtra",Media & Entertainment
Zen Technology,"Hyderabad,Telangana",Enterprise Software
VEWOM ENTERPRISES PRIVATE LIMITED,"Durg,Chhattisgarh",Renewable Energy
EARTHBERRY TRADERS PRIVATE LIMITED,"Bijnor,Uttar Pradesh",Agriculture
SNILL MEDS INDIA PRIVATE LIMITED,"Chennai,Tamil Nadu",Healthcare & Lifesciences
Nitesh sen,"Murwara Katni,Madhya Pradesh",
PEOPLE NORTH ADCON PRIVATE LIMITED,"Pune,Maharashtra",Human Resources
GENIEHUB NETWORK PRIVATE LIMITED,"Palghar,Maharashtra",Human Resources
Boomerang Media,"Delhi,Delhi",Marketing
Coach For Coaching,"Ahmedabad,Gujarat",Education
PRAYOSHA CORPORATION,"Surat,Gujarat",Renewable Energy
MK SAFETY TECHNOLOGIES (OPC) PRIVATE LIMITED,"Ranga Reddy,Telangana",Design
POTLIBABADIY DESIGN PRIVATE LIMITED,"North East Delhi,Delhi",Design
Pantheon Aero &amp; Defence Pvt. Ltd.,"Ahmedabad,Gujarat",Aeronautics Aerospace & Defence
FURNACECO INDUSTRIES PRIVATE LIMITED,"Vadodara,Gujarat",Technology Hardware
SHIZEN ENERGY INDIA PRIVATE LIMITED,",Tamil Nadu",
Rohit .m,"Bengaluru,Karnataka",Animation
HARIMAN ENTERPRISES (OPC) PRIVATE LIMITED,"Lucknow,Uttar Pradesh",Retail
Netra,"Mumbai,Maharashtra",Social Impact
SupportSages Consultancy Services Private Limited,"Ernakulam,Kerala",IT Services
QUIZARRE CONSULTING LLP,",Karnataka",
GRAPHITE FOILS INDIA PRIVATE LIMITED,",Gujarat",
Impact Equipments,"Navi Mumbai,Maharashtra",Art & Photography
Accelez Technologies Private Limited,"Ranipet,Tamil Nadu",Marketing
SNAIL INTEGRAL LLP,"Gautam Buddha Nagar,Uttar Pradesh",Professional & Commercial Services
Zipy,"Bhubaneswar,Odisha",Transportation & Storage
Clean Energy Solutions,"Guna,Madhya Pradesh",Renewable Energy
wordpressshaala,"Bengaluru Urban,Karnataka",Education
FiSCTech Business Solutions Pvt Ltd,"South West Delhi,Delhi",Logistics
REBOUNCE FUN WORLD PRIVATE LIMITED,",Gujarat",
Twinfuela Technologies LLP,",Gujarat",
CRYPTONIX TECHNOLOGY PRIVATE LIMITED,"Junagadh,Gujarat",Enterprise Software
DEVARSHIH FOOD PRIVATE LIMITED,"Junagadh,Gujarat",Agriculture
ORIANA SYSTEMS AND SERVICES,"Kolkata,West Bengal",Green Technology
Tensoic,"Navi Mumbai,Maharashtra",Enterprise Software
Vulkan Foods Private Limited,"Hyderabad,Telangana",Food & Beverages
WST COMMUNICATIONS PRIVATE LIMITED,",Karnataka",
JAGDISH KUMAR,"Sanchore,Rajasthan",
MATTA RAMESH BABU,"Hyderabad,Telangana",
Npowr,"Bhilwara,Rajasthan",Education
SMK Insurance Marketing Private Limited,"Kolkata,West Bengal",Marketing
GROOMER VOGUE AND BEAUTY PRIVATE LIMITED,"Medchal Malkajgiri,Telangana",Fashion
BUYKER SERVICES PRIVATE LIMITED,"South Delhi,Delhi",Transportation & Storage
Sunroot Botanicals,"Ahmedabad,Gujarat",Food & Beverages
EASTERN ENTERPRISES,"Krishna,Andhra Pradesh",Technology Hardware
Mul Secrets Wellness LLP,"Mumbai,Maharashtra",Retail
AAMARON MOTORS PRIVATE LIMITED,"Coimbatore,Tamil Nadu",Other Specialty Retailers
Sadaya Industries,"Ahmedabad,Gujarat",Non- Renewable Energy
HYNSAL ENTERPRISES(OPC) PVT LTD,"Spsr Nellore,Andhra Pradesh",Other Specialty Retailers
SAAJ Construction,"New Delhi,Delhi",Construction
BIPROC INFRA PRIVATE LIMITED,"Hyderabad,Telangana",Construction
ARSALA TOURISM CITY INTERNATIONAL PRIVATE LIMITED,"Kasaragod,Kerala",Construction
INSPECTORATE OF QUALITY SURVEILLANCE,"Kolkata,West Bengal",Professional & Commercial Services
Skin Paradise,"Lucknow,Uttar Pradesh",House-Hold Services
Aphro Perfumes,"Ahmedabad,Gujarat",Fashion
PROPLUS LOGICS SOLUTIONS PRIVATE LIMITED,"Coimbatore,Tamil Nadu",IT Services
OPTIMIST INDUSTRIES PRIVATE LIMITED,"Valsad,Gujarat",Chemicals
NANOVITA INTERNATIONAL PRIVATE LIMITED,"Pune,Maharashtra",Agriculture
UTF Innovations private limited,"Kochi,Kerala",IT Services
SPECSYN LABORATORIES PRIVATE LIMITED,"Hubli-Dharwad,Karnataka",Chemicals
Qualicio,"Dehradun,Uttarakhand",AI
ECOGEM BIO-TECH PRIVATE LIMITED,"Ahmedabad,Gujarat",Biotechnology
BAGWALIKHET ORGANICS PRIVATE LIMITED,"Lucknow,Uttar Pradesh",Food & Beverages
KHOZLOINFO INDIA PRIVATE LIMITED,"Udham Singh Nagar,Uttarakhand",Events
Puskaraj Wealth Solutions Pvt. Ltd.,"Pune,Maharashtra",Finance Technology
KRISHNAA ENGINEERING COMPANY,"Krishnagiri,Tamil Nadu",Aeronautics Aerospace & Defence
SPRINKLE NADAR (OPC) PRIVATE LIMITED,"Tirunelveli,Tamil Nadu",Fashion
Vlogistics,"Thiruvananthapuram,Kerala",Logistics
GDITYA CONSTRUCTION LLP,"Ranchi,Jharkhand",Construction
GOLDEN SENTRY HEALTHCARE AND DIAGNOSTIC PVT LTD.,"Mumbai,Maharashtra",Healthcare & Lifesciences
Envi Pack,"Bengaluru Urban,Karnataka",Retail
NESTREE INDIA PRIVATE LIMITED,"Tanuku,Andhra Pradesh",Human Resources
BHANDARI ENGINEERING,"Ajmer,Rajasthan",Food & Beverages
Harendra saini,"Meerut,Uttar Pradesh",Animation
StockBrain,"Ghaziabad,Uttar Pradesh",AI
Web Accuracy OPC Private Limited,"Ranchi,Jharkhand",IT Services
NEW ERA WORLD,"Karnal,Haryana",Marketing
FISKKY,"Varanasi,Uttar Pradesh",Agriculture
NSS LIFE CARE PRIVATE LIMITED,"Sambalpur,Odisha",Healthcare & Lifesciences
DJ COMPUTING.IO,"Erode,Tamil Nadu",IT Services
BIZCOACH TRENDSETTERS LEARNPRO PRIVATE LIMITED,"East Delhi,Delhi",Education
SWIRA TECHNOVATIONS PRIVATE LIMITED,",Karnataka",
GROOVENEXUS ENTERTAINMENT AND MEDIA SERVICES PRIVATE LIMITED,"East Delhi,Delhi",Media & Entertainment
JASLARK MINDS PRIVATE LIMITED,"Amritsar,Punjab",Education
TESTOING,"Baksa,Assam",Analytics
ASTROCOMPASS CONSULTING INDIA PRIVATE LIMITED,"Bengaluru,Karnataka",IT Services
VirKab Media,"Faridabad,Haryana",Media & Entertainment
PETRICHOR CLEAN HYDROGEN ENERGY PRIVATE LIMITED,"Bengaluru,Karnataka",Green Technology
EcleTech Solutions,"Kozhikode,Kerala",IT Services
HIREWALKS PRIVATE LIMITED,"Bengaluru,Karnataka",IT Services
DATABUS TECHNOLOGY SOLUTIONS PRIVATE LIMITED,"Chennai,Tamil Nadu",Enterprise Software
E Parent,"Indore,Madhya Pradesh",Education
JacnJIll Productions LLP,"Gautam Buddha Nagar,Uttar Pradesh",Media & Entertainment
LOKESH,"Rajahmundry,Andhra Pradesh",
AJEET KUMAR,"Purbi Champaran,Bihar",
BetweenBreaks,"Hyderabad,Telangana",Social Network
HAIR SOLUTIONS,"Pune,Maharashtra",Enterprise Software
BIOTOX SOLUTION (OPC) PRIVATE LIMITED,"Kanpur Dehat,Uttar Pradesh",Professional & Commercial Services
The Nest Spaces,"Coimbatore,Tamil Nadu",Real Estate
EvoluexByte,"Godda,Jharkhand",Computer Vision
ROLLING SNIPPERS,"Mysuru,Karnataka",House-Hold Services
ProteinPunch,"West Delhi,Delhi",Food & Beverages
SKG Solutions,"Jorhat,Assam",Technology Hardware
Root On Immigration Consultants Private Limited,"Surat,Gujarat",Professional & Commercial Services
AARISH AQUACHEM PRIVATE LIMITED,"North West Delhi,Delhi",Chemicals
Sneakrealm private limited,"Raipur,Chhattisgarh",Fashion
RIYA'S HOME DECOR LLP,"Bengaluru Urban,Karnataka",Other Specialty Retailers
TORCHIT FOUNDATION,"Ahmedabad,Gujarat",Social Impact
LAXMI BRICON INDUSTRY PRIVATE LIMITED,",Bihar",
ASHISH SALES,"Zirakpur,Punjab",Retail
JAVICS AUTOMATION AND DECORATION PRIVATELIMITED,"Mirzapur,Uttar Pradesh",Internet of Things
STYLEWEAVES TEXTILE LLP,"Mumbai,Maharashtra",Textiles & Apparel
FM CONSTRUCTION PRIVATE LIMITED,"Aurangabad,Maharashtra",Construction
VISHWAYODDHA SHETKARI MULTITRADE PRIVATELIMITED,"Satara,Maharashtra",Transportation & Storage
v.s signatures                                                                      {THE LOVE LIGHT},"Saharanpur,Uttar Pradesh",Events
FISEN INDIA PRIVATE LIMITED,"Pune,Maharashtra",IT Services
PROOM ELECTRONICS PRIVATE LIMITED,"Nashik,Maharashtra",Technology Hardware
DivyaVision,"Ahmedabad,Gujarat",Robotics
FARMDELI INTERNATIONAL LLP,"South Delhi,Delhi",Agriculture
YASH ENGINEERING,"Pune,Maharashtra",Automotive
SPN3 DIGITAL SYSTEMS (I) PRIVATE LIMITED,"Pune,Maharashtra",Technology Hardware
Let's Advertise,"Pune,Maharashtra",Advertising
Madhavi,"Pune,Maharashtra",Fashion
Apni Gaadi,"Noida,Uttar Pradesh",Travel & Tourism
GULTONE ART INDUSTRIES &amp; DEVELOPERS PRIVATE LIMITED,"Indore,Madhya Pradesh",Construction
SAMAKHYA SUSTAINABLE ALTERNATIVES PRIVATE LIMITED,",Delhi",
vidhyaveedhi learning app,"Ernakulam,Kerala",Education
Sophrosyne Technologies Pvt. Ltd.,"Bengaluru,Karnataka",Healthcare & Lifesciences
Chhavi Agro Ventures LLP,"Noida,Uttar Pradesh",Agriculture
UNITED MULTIPURPOSE COOPERATIVE SOCIETY LTD,"Agartala,Tripura",Marketing
krvvy,"Noida,Uttar Pradesh",Fashion
Rupam Food Makers Pvt Ltd,"Lonavla,Maharashtra",Food & Beverages
USH INDIA RECYCLER PRIVATE LIMITED,",Bihar",
Connectd Bytes Software Services,"Kolkata,West Bengal",IT Services
Sayf.Love pvt ltd,"Bengaluru,Karnataka",Healthcare & Lifesciences
Dd Hybrid Bikes,"Zira,Punjab",Automotive
KANUNGO VENTURES PRIVATE LIMITED,"Bhubaneswar,Odisha",Healthcare & Lifesciences
ORIENTAL COLLECTION,"Kanpur Nagar,Uttar Pradesh",Technology Hardware
NEEL SUTARIYA,"Rajkot,Gujarat",Professional & Commercial Services
WANDE BHARAT CONSTRUCTIONS PRIVATE LIMITED,"Muzaffarpur,Bihar",Construction
Tanium3D Futuristic Healthcare Private Limited,"Chennai,Tamil Nadu",Healthcare & Lifesciences
Strategenix Consultants Pvt. Ltd.,"Bengaluru Urban,Karnataka",Professional & Commercial Services
spantronix india pvt ltd,"Nagpur,Maharashtra",IT Services
SOCIOMONK,"Mumbai,Maharashtra",IT Services
ARTARIUM LLP,",Haryana",
LumeWatt Solar,"Lucknow,Uttar Pradesh",Renewable Energy
TheRoof,"Gandhinagar,Gujarat",Real Estate
VHGS IT TECHNOLOGIES PRIVATE LIMITED,"Hyderabad,Telangana",AI
IndSoftware,"Mohali,Punjab",Education
Collabridge,"North West Delhi,Delhi",Marketing
RDRT AUTOWALL TECHNOLOGY PRIVATE LIMITED,",Delhi",
NEXMA CARE HEALTH SOLUTIONS LLP,"Ernakulam,Kerala",Healthcare & Lifesciences
SHAKAMBHARI NATURAL FARMS AND FISHERIES COMPANY,"Bhopal,Madhya Pradesh",Food & Beverages
ARVIS DIGITAL LABS PRIVATE LIMITED,",Telangana",
La Siddhe International Private Limited,"Delhi,Delhi",Food & Beverages
Rekhansh Singhwal,"Alwar,Rajasthan",
Chinmaya S,"Bengaluru,Karnataka",
EGURUJI,"Sikar,Rajasthan",Education
BEER CREATIVITY SERVICES,"Bhopal,Madhya Pradesh",Education
NITYA PETROCHEM INDUSTRIES,"Shahjahanpur,Uttar Pradesh",Construction
VOLTRAM MECHATRONICS PRIVATE LIMITED,"Rajkot,Gujarat",Automotive
Seawings Trade Export Private Limited,"Sabarkantha,Gujarat",Agriculture
BRITTO BRANDS (OPC) PRIVATE LIMITED,"Bengaluru,Karnataka",Marketing
PlacemePro,"Gurugram,Haryana",Professional & Commercial Services
Riddhi Siddhi Infratech,"Shahjahanpur,Uttar Pradesh",Construction
WE-STORYTELLERS,"Bengaluru,Karnataka",Marketing
GeniusHub,"Faridabad,Haryana",Social Network
DROMICS LABS PRIVATE LIMITED,"Delhi,Delhi",Biotechnology
DARK PIXELS,"Chennai,Tamil Nadu",Design
AutoModelle,"Kannur,Kerala",Toys and Games
Radial artery positioning board,"Pondicherry,Puducherry",Healthcare & Lifesciences
MOBIOFFICE SOFTWARE INNOVATIONS PRIVATE LIMITED,"Surat,Gujarat",IT Services
Aumkar Foods Pvt Ltd,"Surendranagar,Gujarat",Food & Beverages
OSKAT INTERIORS,"Chennai,Tamil Nadu",Architecture Interior Design
Gloss Laundry,"Noida,Uttar Pradesh",Professional & Commercial Services
SPECTALE PRIVATE LIMITED,",Tamil Nadu",
ZACOTR TECH PRIVATE LIMITED,"Panchkula,Haryana",Finance Technology
TEXT WAVE TECHNOLOGIES PRIVATE LIMITED,"New Delhi,Delhi",IT Services
AATM NIRBHAR BHARAT LIFE CARE PRIVATE LIMITED,"South West Delhi,Delhi",Marketing
SNDD SECURITY PRIVATE LIMITED,",Jammu and Kashmir",
INNOTRAT LABS PRIVATE LIMITED,"Khordha,Odisha",AI
Setupfilings,"Thane,Maharashtra",Professional & Commercial Services
Panchaksha Industries (OPC) Private Limited,"Chennai,Tamil Nadu",Automotive
Neo Climate Solutions Private Limited,"New Delhi,Delhi",Green Technology
FARM AMMINO AGRITECH PRIVATE LIMITED,"Bengaluru Urban,Karnataka",Agriculture
KANUNGO VENTURES PRIVATE LIMITED,",Odisha",
PEP COFFEE TRADERS (OPC) PRIVATE LIMITED,"Kodagu,Karnataka",Food & Beverages
HCODE TECHNOLOGIES PRIVATE LIMITED,"Karnal,Haryana",IT Services
C.L. Jewels,"Delhi,Delhi",Fashion
SURABHEE ORGANIC PRODUCTS PRIVATE LIMITED,"Guntur,Andhra Pradesh",Agriculture
ECOPELLE,"Nashik,Maharashtra",Textiles & Apparel
YJ-BEST SODA & DRINKS PRIVATE LIMITED,"Latur,Maharashtra",Food & Beverages
ONENESS NETWORK,"North 24 Parganas,West Bengal",Telecommunication & Networking
Flabr,"Bengaluru Urban,Karnataka",Retail
NB Decors,"Jaipur,Rajasthan",Architecture Interior Design
Audlead Private Limited,"Mehsana,Gujarat",Marketing
Radiant Infrapower,"Pune,Maharashtra",Renewable Energy
BridgeIT,"Puttur,Karnataka",IT Services
XTRACARE AUTOMOTIVE SERVICES PRIVATE LIMITED,"Zirakpur,Punjab",Automotive
wereckersworld,"Noida,Uttar Pradesh",Automotive
The Blue Owl Project,"Pune,Maharashtra",Media & Entertainment
METRO SHOE COMPANY,"Vijayawada,Andhra Pradesh",Marketing
ROBO LOGIC,"Lucknow,Uttar Pradesh",Education
VIGOOD SOLARTEK PRIVATE LIMITED,"Hapur,Uttar Pradesh",Renewable Energy
SAAJ GROUP OF INDUSTRIES,"Pune,Maharashtra",Technology Hardware
M/S AYCOS LIFE SCIENCES,"Bengaluru Urban,Karnataka",Agriculture
EMROOT TECHNOLOGIES PRIVATE LIMITED,"Bengaluru,Karnataka",Automotive
eZcode,"Sonitpur,Assam",Education
RADKAAT VENTURES PRIVATE LIMITED,"Shimla,Himachal Pradesh",Other Specialty Retailers
Primrose Software Solutions LLP,"Jaipur,Rajasthan",Enterprise Software
JAMIDAR HOTEL &amp; RESTAURANT,"Nagaur,Rajasthan",Food & Beverages
VINAM GLOBAL SERVICES PRIVATE LIMITED,"Mumbai,Maharashtra",Professional & Commercial Services
PP BAGS MANUFACTURING,"Ratlam,Madhya Pradesh",Textiles & Apparel
EXCELL PACKAGING,"Pune,Maharashtra",Agriculture
Pragateens,"Pune,Maharashtra",Education
BYROCARE PRIVATE LIMITED,"Raipur,Chhattisgarh",Healthcare & Lifesciences
Newsun signal,"Chennai,Tamil Nadu",Finance Technology
TIRUPATI RESEARCH & DEVELOPMENT PRIVATE LIMITED,"Tirupati,Andhra Pradesh",Healthcare & Lifesciences
Wizard Learning Private Limited,"Kolkata,West Bengal",Education
QUECTO SYSTEMS PRIVATE LIMITED,"Jhalawar,Rajasthan",IT Services
KRISHNA MACHINE TOOLS,"Amritsar,Punjab",Other Specialty Retailers
AXAJ PHARMACEUTICALS PRIVATE LIMITED,"Bharuch,Gujarat",Chemicals
EDIT HAIR AND SKIN CLINICS PRIVATE LIMITED,"Mumbai,Maharashtra",Healthcare & Lifesciences
ROHIT MISHRA COUTURE PRIVATE LIMITED,"Nashik,Maharashtra",Fashion
Wisethug,"Gautam Buddha Nagar,Uttar Pradesh",Fashion
FRUITMONT PRIVATE LIMITED,"Srinagar,Jammu and Kashmir",Agriculture
eviltron,"Sagar,Madhya Pradesh",Internet of Things
India Finance Solution,"Ghaziabad,Uttar Pradesh",Finance Technology
Wave Power India,"Panvel,Maharashtra",Renewable Energy
"Fabnic ""The Fabric Clinic""","Ghaziabad,Uttar Pradesh",House-Hold Services
MANVI INTERIORS PRIVATE LIMITED,"South West Delhi,Delhi",Construction
P.J.TECHNOCRAT PRIVATE LIMITED,"Bharuch,Gujarat",Human Resources
GLOWME,"Nagpur,Maharashtra",Professional & Commercial Services
RITE LABS INDIA PVT LTD,"Solan,Himachal Pradesh",Healthcare & Lifesciences
DHANRAKSHAK NIDHI LIMITED,"East Delhi,Delhi",Finance Technology
BIN AND BEYOND RECYCLING PRIVATE LIMITED,"Varanasi,Uttar Pradesh",Green Technology
Dreamstocks : Join traders army now,"Pune,Maharashtra",IT Services
HOMEDA,"Hyderabad,Telangana",Technology Hardware
RISE ELECTRONICS PRIVATE LIMITED,"North West Delhi,Delhi",Technology Hardware
Blacksmith Mechatronics,"Ahmedabad,Gujarat",Design
Forest organics,"Jabalpur,Madhya Pradesh",Healthcare & Lifesciences
EverythingPay,"Mumbai,Maharashtra",Finance Technology
PUNE AESTHETIC PRIVATE LIMITED,"Pune,Maharashtra",Healthcare & Lifesciences
ALLIE GROUPS,"Guntur,Andhra Pradesh",Enterprise Software
DE QAIM TECHNOLOGIES PRIVATE LIMITED,"Lucknow,Uttar Pradesh",Transportation & Storage
GLAMQUEENS COSMETICS PRIVATE LIMITED,"Lucknow,Uttar Pradesh",Healthcare & Lifesciences
INDONIHON BRAND CONSULTANCY PRIVATE LIMITED,"Ghaziabad,Uttar Pradesh",Media & Entertainment
Skellf,"Chennai,Tamil Nadu",Education
DEENIA THANGJAM AND SONS (OPC) PRIVATE LIMITED,"Imphal West,Manipur",Food & Beverages
ARTARIUM LLP,"Gurugram,Haryana",Design
PANCHAKSHA INDUSTRIES (OPC) PRIVATE LIMITED,",Tamil Nadu",
GREENRAY SOLAR DRIVE PRIVATE LIMITED,"Cuttack,Odisha",Renewable Energy
Gabble Tech,"Nagpur,Maharashtra",Education
CSAP Solutions LLP,"Lucknow,Uttar Pradesh",Professional & Commercial Services
Front Burner FoodTech,"Jabalpur,Madhya Pradesh",Food & Beverages
SURRESHWARI MRIDULA PROJECTS INFRA PRIVATE LIMITED,"Bhagalpur,Bihar",Construction
Ganpat masala,"Pathankot,Punjab",Food & Beverages
madhu trading,"Thane,Maharashtra",Food & Beverages
Aroma Dhoop sticks,"Markapur,Andhra Pradesh",Waste Management
BHAI KI PADHAI,"Ghaziabad,Uttar Pradesh",Education
JUNGLEFRUITS THIRUVANNAMALAI LLP,",Tamil Nadu",
RUVEXA ENTERPRISES LLP,",Delhi",
Lancet Diagnostic Limited,"Mumbai,Maharashtra",Healthcare & Lifesciences
LVDSC INDUSTRIES PRIVATE LIMITED,",Punjab",
COTTESWOLD DAIRY AND FARM PRIVATE LIMITED,"West Delhi,Delhi",Agriculture
A.S Lubricants,"Bankura,West Bengal",Non- Renewable Energy
VOJON ROSIK RESTAURANT PRIVATE LIMITED,"Kolkata,West Bengal",Food & Beverages
EU Design Studios,"Bengaluru Urban,Karnataka",Design
PAViTech,"Medchal Malkajgiri,Telangana",IT Services
AEV CLEANTECH INDIA PRIVATE LIMITED,"Bhubaneswar,Odisha",Green Technology
KPPM EV PRIVATE LIMITED,"South West Delhi,Delhi",Automotive
MAS COMMUNICATIONS,"Jodhpur,Rajasthan",Telecommunication & Networking
BRANDBUTLER INDIA PRIVATE LIMITED,"Dehradun,Uttarakhand",Marketing
VENERATION PAYTECH PRIVATE LIMITED,"New Delhi,Delhi",IT Services
The Artist,"Chennai,Tamil Nadu",Art & Photography
SOCIALMIND AI PRIVATE LIMITED,"North West Delhi,Delhi",Education
Akshay Shah,"Bhopal,Madhya Pradesh",
UNIGROW MAHAVIR INNOVATIONS LIMITED,"Kalyan-Dombivali,Maharashtra",AI
M.H ENTERPRISES,"Lucknow,Uttar Pradesh",Retail
The Ironical India,"Jabalpur,Madhya Pradesh",Social Impact
Bharathi IAS Academy,"Tiruchirappalli,Tamil Nadu",Education
Shashikant Pushpakar,"Hyderabad,Telangana",
Samptec,"Bengaluru,Karnataka",Internet of Things
keeper,"Noida,Uttar Pradesh",Finance Technology
sandhya engineering and trading com,"Muzaffarpur,Bihar",Agriculture
MA COMPUTER TRAINING INSTITUTE,"Sitamarhi,Bihar",Education
SWEVENSYS SOFTWARES PRIVATE LIMITED,",Karnataka",
AI-FIN INDIA,"Bengaluru,Karnataka",Finance Technology
ETPC PROGRAM,"Jaipur,Rajasthan",Animation
FinMind Corporation,"Bengaluru,Karnataka",Finance Technology
SHRI SADANANDA KITCHEN SOLUTIONS PRIVATE LIMITED,"Bengaluru Urban,Karnataka",Food & Beverages
SI VISA CONSULTING PRIVATE LIMITED,",Gujarat",
RELIEF ORTHOTICS PRIVATE LIMITED,"Delhi,Delhi",Healthcare & Lifesciences
POLYSTUD LIFTING &amp; LASHING LLP,"Roorkee,Uttarakhand",Safety
OPTIWATT IOT (OPC) PRIVATE LIMITED,"Gurugram,Haryana",IT Services
A-CARE SURGICALS PRIVATE LIMITED,",Tamil Nadu",
PANLYS NANOTECH INDIA PRIVATE LIMITED,",Kerala",
SOMANI TEXTILES LLP,"Bikaner,Rajasthan",Textiles & Apparel
SOWDIX INDIA LLP,"Ernakulam,Kerala",Fashion
BOOP ORG PRIVATE LIMITED,"Central Delhi,Delhi",Travel & Tourism
SAMVY RETAIL PRIVATE LIMITED,"Haridwar,Uttarakhand",Fashion
Nexel Futureize the innovation,"Mangaluru,Karnataka",IT Services
QRENCIA PASSION SKILLS PRIVATE LIMITED,",Delhi",
ORANTS ELECTRO PRIVATE LIMITED,"Gandhinagar,Gujarat",Technology Hardware
Laxmi Sales,"Raipur,Chhattisgarh",Healthcare & Lifesciences
Medifarm Agrosolutions pvt ltd,"Gwalior,Madhya Pradesh",Agriculture
BON TOY PRIVATE LIMITED,"Alwar,Rajasthan",Toys and Games
OPTSARASMED (OSD) HEALTHCARE PRIVATE LIMITED,"Alwar,Rajasthan",Healthcare & Lifesciences
Codage IIT,"Aurangabad,Maharashtra",IT Services
ONE IN ALL HEALTHCARE PRIVATE LIMITED,"Guna,Madhya Pradesh",Healthcare & Lifesciences
SURESHPRABHA ENTERPRISES PRIVATE LIMITED,"Khordha,Odisha",Food & Beverages
ROYALTUFF INDUSTRIES LLP,"Solapur,Maharashtra",Technology Hardware
NOVA CHAR LLP,",Delhi",
CelerDoor,"Firozabad,Uttar Pradesh",Retail
challang,"Surat,Gujarat",Textiles & Apparel
Madhu Gunja,"Nalgonda,Telangana",
Prateek Tanwar,"South Delhi,Delhi",
3CLICK BUSINESS AND TOURISM HUB PRIVATE LIMITED,"Bengaluru,Karnataka",Travel & Tourism
Forthwith Solutions Pvt Ltd,"Jaipur,Rajasthan",IT Services
KANCHGUNA PRODUCTS PRIVATE LIMITED,"Kamrup,Assam",Food & Beverages
TRUSEVE ENTERPRISES PRIVATE LIMITED,"Chennai,Tamil Nadu",IT Services
sbs stock,"Chennai,Tamil Nadu",Finance Technology
PROVALUE BUSINESS SOLUTIONS PRIVATE LIMITED,"Raigad,Maharashtra",Security Solutions
Nidraz Private Limited,"Nagpur,Maharashtra",Healthcare & Lifesciences
GLOBAL RESOURCES,"Visakhapatnam,Andhra Pradesh",Retail
RASTOGI DAUGHTERS INDUSTRIES PRIVATE LIMITED,"Lucknow,Uttar Pradesh",Food & Beverages
Abhira Masale Pvt Ltd,"Mumbai,Maharashtra",Other Specialty Retailers
MANJAS INTERNATIONAL PRIVATE LIMITED,"Chhindwara,Madhya Pradesh",IT Services
VEDHIKA FOODS,"Chennai,Tamil Nadu",Food & Beverages
GSE FILTER PRIVATE LIMITED,"Chennai,Tamil Nadu",Green Technology
AUDITUM COMMUNICATIONS PRIVATE LIMITED,"South Delhi,Delhi",Advertising
NSTS Technologies LLP,"Gurugram,Haryana",IT Services
TRICON CHEMICALS PRIVATE LIMITED,"East Delhi,Delhi",Chemicals
TGAK Memorial Software India Private Limites,"Bengaluru,Karnataka",IT Services
Siyawar Enterprises Pvt. Ltd.,"East Delhi,Delhi",Professional & Commercial Services
Jhuma Saha,"Guwahati,Assam",Other Specialty Retailers
JDS Infra Projects,"Panipat,Haryana",Construction
Credex Worldtrade Private Limited,"Rajkot,Gujarat",Marketing
Anisys Technology Private Limited,"Bengaluru,Karnataka",IT Services
XDNALABS PRIVATE LIMITED,"West Delhi,Delhi",Telecommunication & Networking
MYMENTORIAS EDGE PRIVATE LIMITED,"Bengaluru,Karnataka",Education
CODLOGZ TECHNOLOGIES LLP,"Mehsana,Gujarat",IT Services
kutumb homestay`,"Varanasi,Uttar Pradesh",
3P VISION X PRIVATE LIMITED,"Gurugram,Haryana",Aeronautics Aerospace & Defence
URBANEST,"Bengaluru Urban,Karnataka",Architecture Interior Design
Diffr,"Indore,Madhya Pradesh",Social Network
SHREE DATA CENTER PRIVATE LIMITED,"Jamnagar,Gujarat",Professional & Commercial Services
AE,"Kakinada,Andhra Pradesh",IT Services
VIRTUAL BINZ LLP,"Udaipur,Rajasthan",IT Services
Milestone Career Planner,"Ernakulam,Kerala",Education
ACCURATE METACRAFT PRIVATE LIMITED,"Rajkot,Gujarat",Construction
WEBFREEZE SOLUTION PRIVATE LIMITED,"East Delhi,Delhi",Enterprise Software
SCULPTICO ART PRIVATE LIMITED,"Mumbai,Maharashtra",Analytics
LIGHTNING,"Chennai,Tamil Nadu",AI
NEXOWAVE TECHNOLOGY SOLUTIONS PRIVATE LIMITED,"Gautam Buddha Nagar,Uttar Pradesh",Enterprise Software
NYX Candle,"Noida,Uttar Pradesh",Retail
KALINGA AER CRAFT SKILL BEAUTY ACADAMY,"Jharsuguda,Odisha",Internet of Things
Enterezy Private Ltd,"Bengaluru Urban,Karnataka",Retail
SKYFORCE INNOVATIONS PRIVATE LIMITED,",Maharashtra",
The Nu Beginnings,"Lucknow,Uttar Pradesh",IT Services
Dhrutika Enterprise,"Kolkata,West Bengal",Construction
AMPLITUDE ELECTRIC PRIVATE  LIMITED,"Indore,Madhya Pradesh",Renewable Energy
ELECTRICX HYPERCHARGE PRIVATE LIMITED,"Delhi,Delhi",Green Technology
KOOLCRAFTS,"Madurai,Tamil Nadu",Automotive
ROBOMY ADVANCED TECHNOLOGIES PRIVATE LIMITED,",Kerala",
Ruuji Innovations,"Madurai,Tamil Nadu",Education
IN SYNC INFOMEDIA,"Noida,Uttar Pradesh",Advertising
SIYARAM GLOBAL ENVIRONMENTAL PRIVATE LIMITED,"East Delhi,Delhi",Renewable Energy
Heeddata India Private Limited,"Hyderabad,Telangana",Enterprise Software
RIADPL,"Lucknow,Uttar Pradesh",Construction
Gurugram Gurukulam Education Welfare Foundation,"Gurugram,Haryana",Education
WELLNIC PHARMACEUTICAL PRIVATE LIMITED,"Delhi,Delhi",Healthcare & Lifesciences
Clu,"Hyderabad,Telangana",Finance Technology
Skillicious Services Pvt Ltd,"Hubli-Dharwad,Karnataka",Human Resources
S &amp; R Handlooms,"Guwahati,Assam",Textiles & Apparel
ALFA INFOTECH SERVICES,"Kanpur Nagar,Uttar Pradesh",IT Services
REDWOODS MEDICARE PRIVATE LIMITED,"South West Delhi,Delhi",Healthcare & Lifesciences
SMILING BUDDHA Advanced System,"Gautam Buddha Nagar,Uttar Pradesh",Aeronautics Aerospace & Defence
Prasanna Panda,"East Delhi,Delhi",
Electrical Goods Supply and Service,"Jodhpur,Rajasthan",Retail
RIMON ENTERPRISE,"East Delhi,Delhi",Professional & Commercial Services
COMMUNITIES HERITAGE PRIVATE LIMITED,",Gujarat",
MICROM IT PRIVATE LIMITED,"South West Delhi,Delhi",IT Services
ROTVANTAGE TECHNOLOGIES PRIVATE LIMITED,",Kerala",
Strataroh Ventures Private Limited,"Pune,Maharashtra",Technology Hardware
Khetan Engineering Pvt Ltd,"Raipur,Chhattisgarh",Automotive
AQUABID SERVICES PRIVATE LIMITED,"Mumbai,Maharashtra",Agriculture
MAALI INDUSTRIES PRIVATE LIMITED,"Mumbai,Maharashtra",Food & Beverages
RICHTECH ROOTS PRIVATE LIMITED,"Barmer,Rajasthan",Construction
VAN PHARMA AND HEALTHCARE PRIVATE LIMITED,"North West Delhi,Delhi",Retail
LUX HOSPITALS PRIVATE LIMITED,"Hyderabad,Telangana",Healthcare & Lifesciences
DEB ENTERPRISE,"Siliguri,West Bengal",Technology Hardware
Fastran,"Chennai,Tamil Nadu",Logistics
AURA ADVENTURE JUNCTION LLP,"South West Delhi,Delhi",Travel & Tourism
SG POLYCLINIC AND DC (OPC) PRIVATE LIMITED,"North 24 Parganas,West Bengal",Healthcare & Lifesciences
Carepro services pvt. ltd.,"Narnaul,Haryana",House-Hold Services
sixteachers education opc private limited,"Dehradun,Uttarakhand",Education
Spectrum Design &amp;amp; Conservation Hub,"South Delhi,Delhi",Design
Magsmen,"Guntur,Andhra Pradesh",Marketing
Dhoolai,"Solapur,Maharashtra",Healthcare & Lifesciences
Digital Cafeteria Solutions Pvt Ltd,"Aurangabad,Maharashtra",Food & Beverages
GENESCOPE RESEARCH AND SERVICES PRIVATE LIMITED,",Kerala",
Nani Ke Samose,"Lucknow,Uttar Pradesh",Food & Beverages
NEOSURGIX MEDICAL TECHNOLOGIES PRIVATE LIMITED,",Andhra Pradesh",
Dixit Enterprises,"Aligarh,Uttar Pradesh",Technology Hardware
JOY GANESH ENTERPRISE,"Maldah,West Bengal",Food & Beverages
Being Organic,"Indore,Madhya Pradesh",Agriculture
Techyelp Internet Private Limited,"Bengaluru Rural,Karnataka",IT Services
SUNSHINE LAUNDRY,"Jaipur,Rajasthan",House-Hold Services
CONSULTONOMICSINDIA PRIVATE LIMITED,"Rupnagar,Punjab",Human Resources
KAN HOSPITALITY LLP,"Pune,Maharashtra",Travel & Tourism
Kanha construction Co,"Dholpur,Rajasthan",Waste Management
Sankri Services Private Limited,"Udhampur,Jammu and Kashmir",Construction
VegCrop Agro Products Pvt Ltd,"Thane,Maharashtra",Food & Beverages
LEDIVI INDIA OPC PVT LTD,"Hyderabad,Telangana",Chemicals
Nethram India Innovation Center Private Limited,"Wayanad,Kerala",Telecommunication & Networking
RAJA SAHEB,"West Delhi,Delhi",Textiles & Apparel
EVADAY TECHMERCIAL PRIVATE LIMITED,",Telangana",
IBST Private Limited,"Bengaluru Urban,Karnataka",IT Services
SUGHOSA HYBRID SEEDS  LLP,"Hyderabad,Telangana",Agriculture
ARUNODAY OPTIMIZED NEXUS FOR INNOVATIVE EXPLORATION PRIVATE LIMITED,"Giridih,Jharkhand",AI
SKY DYNAMICS PRIVATE LIMITED,"North Delhi,Delhi",Aeronautics Aerospace & Defence
OZA MOTORSPORTS PRIVATE LIMITED,"Ahmedabad,Gujarat",Analytics
CGC FINSERV PRIVATE LIMITED,"Jaipur,Rajasthan",Marketing
COGNAC Metaverse,"Kalyan-Dombivali,Maharashtra",AR VR (Augmented + Virtual Reality)
PAVANAPUTRA FUEL INDIA PRIVATE LIMITED,"Mahbubnagar,Telangana",Non- Renewable Energy
In Pursuit Of....,"South Eastdelhi,Delhi",Media & Entertainment
Jamattu,"Ahmedabad,Gujarat",IT Services
RAHUL KUMAR,"Purnia,Bihar",
Seven Seas Holidays,"Mumbai,Maharashtra",Travel & Tourism
ORBITBOOK PRIVATE LIMITED,"Kolkata,West Bengal",Social Impact
AUMEXPERT MANPOWER PRIVATE LIMITED,"New Delhi,Delhi",Human Resources
VP Construction,"Ajmer,Rajasthan",Construction
M/S VIVEK CONSTRUCTION,"Hamirpur (UP),Uttar Pradesh",Other Specialty Retailers
Open Ocean Education Foundation,"Lucknow,Uttar Pradesh",Education
YELLOWTEES SERVICES LLP,"Ahmedabad,Gujarat",Professional & Commercial Services
WEBEXCEL TECHNOLOGIES PRIVATE LIMITED,"Chennai,Tamil Nadu",IT Services
ANUPALAN ONLINE PRIVATE LIMITED,"Mumbai Suburban,Maharashtra",Enterprise Software
PADCHHAYA PRIVATE LIMITED,",Uttar Pradesh",
Aadrika Enterprises,"Ranchi,Jharkhand",IT Services
VIRCFO SERVICES PRIVATE LIMITED,",Karnataka",
FAB ECO BRICKS LLP,"Sundargarh,Odisha",Construction
CODEBUZZERS TECHNOLOGIES,"Kolkata,West Bengal",IT Services
SHLA TECH FINGLOBLE PRIVATE LIMITED,"Vadodara,Gujarat",Finance Technology
ENERTIA DIGITAL SYSTEMS PRIVATE LIMITED,"Gurugram,Haryana",Marketing
VICTORYNET SOLUTION PRIVATE LIMITED,"Palghar,Maharashtra",IT Services
ARCHUS DESIGN ASSOCIATES,"Dibrugarh,Assam",Architecture Interior Design
11 Ouest Private Limited,"Gurugram,Haryana",Advertising
U-PROTEC EARTHING PRIVATE LIMITED,"Pune,Maharashtra",Renewable Energy
We Decor8,"Gurugram,Haryana",Architecture Interior Design
RN DSIDE HEALTH AND WELLNESS PRIVATE LIMITED,"Bengaluru Urban,Karnataka",Healthcare & Lifesciences
AVIADOR INTERNATIONAL PRIVATE LIMITED,"South West Delhi,Delhi",Aeronautics Aerospace & Defence
Digicell,"Karnal,Haryana",Marketing
T PLUS ONE TRADEIFY LLP,"Thiruvananthapuram,Kerala",Education
AL-KHAYBAR PRIVATE LIMITED,"Jabalpur,Madhya Pradesh",Agriculture
SUPREME ARROW ENERGY PRIVATE LIMITED,"Una,Himachal Pradesh",Renewable Energy
CONTROLSHIFT TALENT PRIVATE LIMITED,",Haryana",
ALLWYN SHIPPING AND LOGISTICS PRIVATE LIMITED,"Kolkata,West Bengal",Transportation & Storage
NEXSEC GLOBAL PRIVATE LIMITED,"Ernakulam,Kerala",IT Services
SOLEQUIP TAAPMAN LLP,",Maharashtra",
AVELORE APPAREL PRIVATE LIMITED,"Pune,Maharashtra",Textiles & Apparel
ZAYD CROP SCIENCE,"Banaskantha,Gujarat",Agriculture
SN NATURES PRIVATE LIMITED,"Central Delhi,Delhi",Agriculture
